adventure_nr,out,home,duration
1,2019-01-13T00:13:44Z,2019-01-13T00:54:51Z,41.11666666666667
2,2019-01-13T21:49:27Z,2019-01-13T22:32:04Z,42.61666666666667
3,2019-01-14T03:56:44Z,2019-01-14T04:45:07Z,48.38333333333333
4,2019-01-14T06:59:11Z,2019-01-14T07:07:10Z,7.983333333333333
5,2019-01-14T14:29:27Z,2019-01-14T14:44:07Z,14.666666666666666
6,2019-01-15T17:42:46Z,2019-01-15T20:27:38Z,164.86666666666667
7,2019-01-15T23:43:24Z,2019-01-16T00:52:42Z,69.3
8,2019-01-16T06:30:03Z,2019-01-16T06:47:36Z,17.55
9,2019-01-16T07:47:21Z,2019-01-16T16:42:45Z,535.4
10,2019-01-17T06:00:10Z,2019-01-17T06:07:16Z,7.1
11,2019-01-17T21:21:47Z,2019-01-17T21:27:48Z,6.016666666666667
12,2019-01-18T22:04:46Z,2019-01-18T22:12:00Z,7.233333333333333
13,2019-01-19T03:58:24Z,2019-01-19T04:22:19Z,23.916666666666668
14,2019-01-19T19:41:36Z,2019-01-19T19:54:23Z,12.783333333333333
15,2019-01-19T23:51:08Z,2019-01-20T00:03:10Z,12.033333333333333
16,2019-01-20T20:10:01Z,2019-01-20T20:46:04Z,36.05
17,2019-01-21T04:49:37Z,2019-01-21T04:55:02Z,5.416666666666667
18,2019-01-21T14:48:48Z,2019-01-21T15:07:58Z,19.166666666666668
19,2019-01-21T20:45:44Z,2019-01-21T21:10:25Z,24.683333333333334
20,2019-01-22T19:41:40Z,2019-01-22T19:55:06Z,13.433333333333334
21,2019-01-22T23:26:30Z,2019-01-22T23:41:47Z,15.283333333333333
22,2019-01-23T10:37:40Z,2019-01-23T10:48:07Z,10.45
23,2019-01-24T06:27:21Z,2019-01-24T06:33:36Z,6.25
24,2019-01-24T20:53:07Z,2019-01-24T21:06:18Z,13.183333333333334
25,2019-01-25T10:50:14Z,2019-01-25T11:03:10Z,12.933333333333334
26,2019-01-26T21:29:57Z,2019-01-26T22:11:48Z,41.85
27,2019-01-27T08:05:23Z,2019-01-27T08:41:36Z,36.21666666666667
28,2019-01-27T20:12:20Z,2019-01-27T22:08:23Z,116.05
29,2019-01-28T00:09:13Z,2019-01-28T00:55:18Z,46.083333333333336
30,2019-01-28T08:16:33Z,2019-01-28T15:13:00Z,416.45
31,2019-01-28T20:48:52Z,2019-01-28T21:07:01Z,18.15
32,2019-01-28T22:35:09Z,2019-01-28T23:02:23Z,27.233333333333334
33,2019-01-29T09:49:57Z,2019-01-29T10:20:58Z,31.016666666666666
34,2019-01-29T19:06:44Z,2019-01-29T19:50:40Z,43.93333333333333
35,2019-01-30T04:22:38Z,2019-01-30T04:55:19Z,32.68333333333333
36,2019-01-30T19:12:44Z,2019-01-30T19:34:08Z,21.4
37,2019-01-31T05:16:37Z,2019-01-31T05:39:14Z,22.616666666666667
38,2019-01-31T21:35:58Z,2019-01-31T22:25:54Z,49.93333333333333
39,2019-02-01T15:48:21Z,2019-02-01T21:59:22Z,371.01666666666665
40,2019-02-02T07:00:55Z,2019-02-02T07:30:37Z,29.7
41,2019-02-03T06:36:11Z,2019-02-03T06:39:15Z,3.066666666666667
42,2019-02-04T05:34:28Z,2019-02-04T05:53:20Z,18.866666666666667
43,2019-02-05T23:34:18Z,2019-02-06T00:32:44Z,58.43333333333333
44,2019-02-06T09:46:33Z,2019-02-06T10:33:28Z,46.916666666666664
45,2019-02-06T14:07:10Z,2019-02-07T00:37:27Z,630.2833333333333
46,2019-02-07T05:24:19Z,2019-02-07T05:56:11Z,31.866666666666667
47,2019-02-08T04:34:56Z,2019-02-08T05:08:16Z,33.333333333333336
48,2019-02-08T21:25:33Z,2019-02-08T22:21:07Z,55.56666666666667
49,2019-02-09T02:09:14Z,2019-02-09T02:50:14Z,41
50,2019-02-09T05:29:37Z,2019-02-09T06:18:08Z,48.516666666666666
51,2019-02-10T01:16:50Z,2019-02-10T02:13:40Z,56.833333333333336
52,2019-02-10T05:53:17Z,2019-02-10T22:02:38Z,969.35
53,2019-02-11T01:12:41Z,2019-02-11T01:57:31Z,44.833333333333336
54,2019-02-11T05:43:12Z,2019-02-11T05:55:22Z,12.166666666666666
55,2019-02-11T13:32:48Z,2019-02-11T18:48:21Z,315.55
56,2019-02-12T04:06:49Z,2019-02-12T05:23:10Z,76.35
57,2019-02-13T05:43:38Z,2019-02-13T06:00:13Z,16.583333333333332
58,2019-02-17T22:00:38Z,2019-02-17T23:01:52Z,61.233333333333334
59,2019-02-18T05:40:41Z,2019-02-18T05:56:52Z,16.183333333333334
60,2019-02-19T23:43:05Z,2019-02-20T02:25:43Z,162.63333333333333
61,2019-02-20T05:55:18Z,2019-02-20T06:24:11Z,28.883333333333333
62,2019-02-21T16:01:03Z,2019-02-21T18:06:39Z,125.6
63,2019-02-22T01:11:43Z,2019-02-22T02:18:11Z,66.46666666666667
64,2019-02-22T11:01:53Z,2019-02-22T11:26:29Z,24.6
65,2019-02-23T04:02:29Z,2019-02-23T04:46:37Z,44.13333333333333
66,2019-02-23T07:20:38Z,2019-02-23T07:49:09Z,28.516666666666666
67,2019-02-23T18:27:53Z,2019-02-23T18:51:06Z,23.216666666666665
68,2019-02-24T04:55:43Z,2019-02-24T05:15:25Z,19.7
69,2019-02-24T18:36:37Z,2019-02-24T19:30:04Z,53.45
70,2019-02-25T05:41:16Z,2019-02-25T06:06:22Z,25.1
71,2019-02-25T21:28:01Z,2019-02-25T22:26:26Z,58.416666666666664
72,2019-02-26T01:59:32Z,2019-02-26T02:43:18Z,43.766666666666666
73,2019-02-26T16:27:09Z,2019-02-26T20:35:53Z,248.73333333333332
74,2019-02-26T23:32:44Z,2019-02-27T00:33:21Z,60.61666666666667
75,2019-02-27T05:19:54Z,2019-02-27T06:02:24Z,42.5
76,2019-02-27T18:03:59Z,2019-02-27T19:08:06Z,64.11666666666666
77,2019-02-27T20:16:38Z,2019-02-27T20:40:17Z,23.65
78,2019-02-28T19:01:24Z,2019-02-28T19:35:43Z,34.31666666666667
79,2019-03-01T00:00:20Z,2019-03-01T00:52:02Z,51.7
80,2019-03-01T05:09:26Z,2019-03-01T05:54:51Z,45.416666666666664
81,2019-03-01T18:20:39Z,2019-03-01T21:05:44Z,165.08333333333334
82,2019-03-02T18:35:30Z,2019-03-02T21:48:32Z,193.03333333333333
83,2019-03-03T04:19:28Z,2019-03-03T05:14:23Z,54.916666666666664
84,2019-03-03T18:40:16Z,2019-03-03T19:55:50Z,75.56666666666666
85,2019-03-04T01:20:26Z,2019-03-04T02:33:57Z,73.51666666666667
86,2019-03-04T15:46:09Z,2019-03-04T15:46:56Z,0.7833333333333333
87,2019-03-04T15:48:51Z,2019-03-04T18:03:27Z,134.6
88,2019-03-04T19:11:18Z,2019-03-04T19:38:20Z,27.033333333333335
89,2019-03-05T00:18:44Z,2019-03-05T01:18:40Z,59.93333333333333
90,2019-03-05T19:32:58Z,2019-03-05T19:57:19Z,24.35
91,2019-03-06T05:34:57Z,2019-03-06T06:00:20Z,25.383333333333333
92,2019-03-07T01:51:31Z,2019-03-07T02:50:54Z,59.38333333333333
93,2019-03-08T05:44:50Z,2019-03-08T06:25:45Z,40.916666666666664
94,2019-03-09T05:10:29Z,2019-03-09T05:19:22Z,8.883333333333333
95,2019-03-10T18:29:43Z,2019-03-10T19:00:29Z,30.766666666666666
96,2019-03-10T19:27:14Z,2019-03-11T01:04:07Z,336.8833333333333
97,2019-03-11T05:00:36Z,2019-03-11T05:35:20Z,34.733333333333334
98,2019-03-11T19:06:38Z,2019-03-11T19:45:55Z,39.28333333333333
99,2019-03-11T22:12:48Z,2019-03-11T22:17:14Z,4.433333333333334
100,2019-03-12T00:15:45Z,2019-03-12T00:46:11Z,30.433333333333334
101,2019-03-12T05:57:37Z,2019-03-12T06:04:34Z,6.95
102,2019-03-13T00:26:33Z,2019-03-13T03:08:24Z,161.85
103,2019-03-13T05:37:08Z,2019-03-13T06:23:31Z,46.38333333333333
104,2019-03-13T17:59:17Z,2019-03-13T18:00:10Z,0.8833333333333333
105,2019-03-14T00:44:17Z,2019-03-14T01:58:22Z,74.08333333333333
106,2019-03-14T18:49:38Z,2019-03-14T18:55:00Z,5.366666666666666
107,2019-03-15T01:20:16Z,2019-03-15T02:23:46Z,63.5
108,2019-03-15T05:34:15Z,2019-03-15T06:16:17Z,42.03333333333333
109,2019-03-15T20:10:29Z,2019-03-15T20:39:44Z,29.25
110,2019-03-16T03:14:56Z,2019-03-16T04:43:20Z,88.4
111,2019-03-16T06:29:51Z,2019-03-16T06:37:49Z,7.966666666666667
112,2019-03-16T09:31:57Z,2019-03-16T09:37:51Z,5.9
113,2019-03-16T15:53:28Z,2019-03-16T16:16:16Z,22.8
114,2019-03-16T18:55:16Z,2019-03-16T20:04:26Z,69.16666666666667
115,2019-03-16T21:28:29Z,2019-03-16T23:30:14Z,121.75
116,2019-03-17T05:03:45Z,2019-03-17T05:51:22Z,47.61666666666667
117,2019-03-17T06:36:48Z,2019-03-17T06:47:40Z,10.866666666666667
118,2019-03-17T17:36:06Z,2019-03-17T17:46:16Z,10.166666666666666
119,2019-03-17T19:55:17Z,2019-03-17T20:16:40Z,21.383333333333333
120,2019-03-18T05:58:55Z,2019-03-18T06:10:50Z,11.916666666666666
121,2019-03-18T09:58:14Z,2019-03-18T19:25:55Z,567.6833333333333
122,2019-03-19T01:47:54Z,2019-03-19T02:17:39Z,29.75
123,2019-03-20T05:59:33Z,2019-03-20T06:13:09Z,13.6
124,2019-03-21T01:22:29Z,2019-03-21T01:53:48Z,31.316666666666666
125,2019-03-22T05:38:48Z,2019-03-22T05:44:15Z,5.45
126,2019-03-22T18:53:30Z,2019-03-22T19:57:33Z,64.05
127,2019-03-23T09:14:51Z,2019-03-23T11:38:11Z,143.33333333333334
128,2019-03-24T05:23:31Z,2019-03-24T06:06:29Z,42.96666666666667
129,2019-03-24T18:50:38Z,2019-03-25T01:36:24Z,405.76666666666665
130,2019-03-25T04:20:32Z,2019-03-25T04:54:54Z,34.36666666666667
131,2019-03-26T04:16:41Z,2019-03-26T04:46:11Z,29.5
132,2019-03-26T23:47:47Z,2019-03-27T00:32:43Z,44.93333333333333
133,2019-03-27T15:21:28Z,2019-03-28T03:17:23Z,715.9166666666666
134,2019-03-28T06:00:56Z,2019-03-28T06:10:22Z,9.433333333333334
135,2019-03-29T00:45:52Z,2019-03-29T01:25:45Z,39.88333333333333
136,2019-03-29T04:32:45Z,2019-03-29T06:19:07Z,106.36666666666666
137,2019-03-29T08:41:17Z,2019-03-29T20:26:25Z,705.1333333333333
138,2019-03-30T05:01:57Z,2019-03-30T05:58:17Z,56.333333333333336
139,2019-04-01T02:34:59Z,2019-04-01T04:39:22Z,124.38333333333334
140,2019-04-01T05:23:25Z,2019-04-01T05:33:24Z,9.983333333333333
141,2019-04-02T00:57:33Z,2019-04-02T04:24:28Z,206.91666666666666
142,2019-04-02T04:36:02Z,2019-04-02T04:47:44Z,11.7
143,2019-04-02T06:10:13Z,2019-04-02T06:22:08Z,11.916666666666666
144,2019-04-03T03:22:16Z,2019-04-03T04:34:41Z,72.41666666666667
145,2019-04-03T18:31:19Z,2019-04-03T22:20:45Z,229.43333333333334
146,2019-04-04T04:45:28Z,2019-04-04T04:53:43Z,8.25
147,2019-04-04T20:19:39Z,2019-04-04T20:45:21Z,25.7
148,2019-04-04T20:58:01Z,2019-04-05T01:09:31Z,251.5
149,2019-04-05T22:06:28Z,2019-04-05T22:43:46Z,37.3
150,2019-04-06T04:26:03Z,2019-04-06T04:27:57Z,1.9
151,2019-04-06T18:17:48Z,2019-04-06T21:27:22Z,189.56666666666666
152,2019-04-07T03:58:42Z,2019-04-07T05:08:24Z,69.7
153,2019-04-07T22:38:43Z,2019-04-07T23:00:54Z,22.183333333333334
154,2019-04-08T04:06:23Z,2019-04-08T23:21:47Z,1155.4
155,2019-04-09T02:58:37Z,2019-04-09T05:19:55Z,141.3
156,2019-04-09T14:40:36Z,2019-04-09T21:10:39Z,390.05
157,2019-04-09T22:50:08Z,2019-04-10T00:08:11Z,78.05
158,2019-04-10T05:11:58Z,2019-04-10T05:19:52Z,7.9
159,2019-04-11T03:54:27Z,2019-04-11T04:00:59Z,6.533333333333333
160,2019-04-11T23:00:09Z,2019-04-11T23:49:27Z,49.3
161,2019-04-12T04:52:59Z,2019-04-12T04:55:30Z,2.5166666666666666
162,2019-04-12T18:30:03Z,2019-04-12T18:53:04Z,23.016666666666666
163,2019-04-12T22:38:11Z,2019-04-12T22:58:22Z,20.183333333333334
164,2019-04-13T04:58:25Z,2019-04-13T05:22:37Z,24.2
165,2019-04-13T22:34:32Z,2019-04-13T23:18:45Z,44.21666666666667
166,2019-04-14T04:30:23Z,2019-04-14T04:56:32Z,26.15
167,2019-04-15T04:39:51Z,2019-04-15T05:04:58Z,25.116666666666667
168,2019-04-16T02:33:35Z,2019-04-16T03:17:53Z,44.3
169,2019-04-16T05:24:35Z,2019-04-16T05:29:18Z,4.716666666666667
170,2019-04-16T18:40:11Z,2019-04-16T19:47:09Z,66.96666666666667
171,2019-04-16T22:34:05Z,2019-04-17T01:20:39Z,166.56666666666666
172,2019-04-17T05:11:08Z,2019-04-17T05:17:05Z,5.95
173,2019-04-17T07:06:02Z,2019-04-17T21:37:36Z,871.5666666666667
174,2019-04-18T03:07:18Z,2019-04-18T03:57:15Z,49.95
175,2019-04-19T02:09:45Z,2019-04-19T02:25:39Z,15.9
176,2019-04-19T04:24:38Z,2019-04-19T05:39:53Z,75.25
177,2019-04-20T04:33:01Z,2019-04-20T05:19:12Z,46.18333333333333
178,2019-04-21T03:50:55Z,2019-04-21T05:01:43Z,70.8
179,2019-04-22T04:36:39Z,2019-04-22T05:20:31Z,43.86666666666667
180,2019-04-22T22:21:36Z,2019-04-23T02:22:21Z,240.75
181,2019-04-23T04:28:39Z,2019-04-23T04:59:37Z,30.966666666666665
182,2019-04-23T18:33:48Z,2019-04-23T20:55:26Z,141.63333333333333
183,2019-04-24T04:25:50Z,2019-04-24T05:13:17Z,47.45
184,2019-04-24T19:11:56Z,2019-04-24T20:44:28Z,92.53333333333333
185,2019-04-24T23:42:21Z,2019-04-25T01:49:32Z,127.18333333333334
186,2019-04-25T04:27:49Z,2019-04-25T05:01:33Z,33.733333333333334
187,2019-04-25T19:10:29Z,2019-04-26T00:30:11Z,319.7
188,2019-04-26T03:31:15Z,2019-04-26T05:06:24Z,95.15
189,2019-04-26T18:24:58Z,2019-04-26T18:59:24Z,34.43333333333333
190,2019-04-27T04:02:38Z,2019-04-27T04:41:04Z,38.43333333333333
191,2019-04-28T03:12:21Z,2019-04-28T04:18:54Z,66.55
192,2019-04-29T02:57:38Z,2019-04-29T03:57:04Z,59.43333333333333
193,2019-04-29T11:11:57Z,2019-04-29T11:27:08Z,15.183333333333334
194,2019-04-29T22:21:59Z,2019-04-29T23:25:00Z,63.016666666666666
195,2019-04-30T03:30:12Z,2019-04-30T05:06:34Z,96.36666666666666
196,2019-05-01T03:02:59Z,2019-05-01T03:35:46Z,32.78333333333333
197,2019-05-01T20:42:11Z,2019-05-01T22:03:21Z,81.16666666666667
198,2019-05-02T03:33:12Z,2019-05-02T05:03:30Z,90.3
199,2019-05-02T23:01:23Z,2019-05-03T00:23:38Z,82.25
200,2019-05-03T00:29:07Z,2019-05-03T01:39:02Z,69.91666666666667
201,2019-05-03T03:56:07Z,2019-05-03T04:48:29Z,52.36666666666667
202,2019-05-03T18:43:23Z,2019-05-03T21:12:50Z,149.45
203,2019-05-04T02:14:16Z,2019-05-04T03:44:22Z,90.1
204,2019-05-05T03:27:02Z,2019-05-05T03:36:20Z,9.3
205,2019-05-05T23:50:11Z,2019-05-06T00:38:21Z,48.166666666666664
206,2019-05-07T03:03:44Z,2019-05-07T03:20:29Z,16.75
207,2019-05-07T18:49:02Z,2019-05-07T21:09:12Z,140.16666666666666
208,2019-05-08T03:53:28Z,2019-05-08T04:58:41Z,65.21666666666667
209,2019-05-09T03:39:05Z,2019-05-09T04:17:09Z,38.06666666666667
210,2019-05-10T03:37:05Z,2019-05-10T04:38:17Z,61.2
211,2019-05-10T18:03:37Z,2019-05-10T21:38:06Z,214.48333333333332
212,2019-05-10T21:46:09Z,2019-05-10T22:27:44Z,41.583333333333336
213,2019-05-11T19:18:57Z,2019-05-11T20:53:23Z,94.43333333333334
214,2019-05-12T02:55:13Z,2019-05-12T03:57:57Z,62.733333333333334
215,2019-05-12T05:01:54Z,2019-05-12T05:12:57Z,11.05
216,2019-05-12T08:40:26Z,2019-05-12T09:18:35Z,38.15
217,2019-05-12T17:29:55Z,2019-05-12T19:35:43Z,125.8
218,2019-05-12T20:56:59Z,2019-05-12T21:27:51Z,30.866666666666667
219,2019-05-12T23:23:31Z,2019-05-13T00:09:53Z,46.36666666666667
220,2019-05-13T04:08:03Z,2019-05-13T04:38:22Z,30.316666666666666
221,2019-05-13T04:54:03Z,2019-05-13T05:11:50Z,17.783333333333335
222,2019-05-13T05:43:49Z,2019-05-13T06:44:43Z,60.9
223,2019-05-13T14:30:00Z,2019-05-13T15:21:22Z,51.36666666666667
224,2019-05-13T17:54:12Z,2019-05-13T19:51:59Z,117.78333333333333
225,2019-05-13T20:30:09Z,2019-05-13T21:08:54Z,38.75
226,2019-05-13T23:02:20Z,2019-05-14T00:24:09Z,81.81666666666666
227,2019-05-14T03:49:25Z,2019-05-14T04:11:51Z,22.433333333333334
228,2019-05-14T05:57:40Z,2019-05-14T06:16:22Z,18.7
229,2019-05-14T19:58:48Z,2019-05-14T20:57:31Z,58.71666666666667
230,2019-05-15T01:07:12Z,2019-05-15T02:56:45Z,109.55
231,2019-05-15T04:16:09Z,2019-05-15T04:45:53Z,29.733333333333334
232,2019-05-15T05:40:32Z,2019-05-15T06:25:36Z,45.06666666666667
233,2019-05-15T17:58:59Z,2019-05-15T19:05:01Z,66.03333333333333
234,2019-05-15T19:59:35Z,2019-05-15T20:58:37Z,59.03333333333333
235,2019-05-16T00:02:12Z,2019-05-16T00:45:04Z,42.86666666666667
236,2019-05-16T04:17:21Z,2019-05-16T04:54:32Z,37.18333333333333
237,2019-05-16T05:40:42Z,2019-05-16T06:37:06Z,56.4
238,2019-05-16T18:28:14Z,2019-05-16T21:08:15Z,160.01666666666668
239,2019-05-16T23:02:55Z,2019-05-16T23:54:58Z,52.05
240,2019-05-17T00:05:53Z,2019-05-17T01:31:32Z,85.65
241,2019-05-17T03:59:41Z,2019-05-17T04:59:47Z,60.1
242,2019-05-17T05:31:10Z,2019-05-17T05:35:51Z,4.683333333333334
243,2019-05-17T18:14:48Z,2019-05-17T23:19:06Z,304.3
244,2019-05-18T00:00:16Z,2019-05-18T00:47:33Z,47.28333333333333
245,2019-05-18T03:56:58Z,2019-05-18T05:09:58Z,73
246,2019-05-18T06:42:19Z,2019-05-18T07:13:15Z,30.933333333333334
247,2019-05-18T15:49:39Z,2019-05-18T16:12:33Z,22.9
248,2019-05-18T22:14:13Z,2019-05-18T23:17:29Z,63.266666666666666
249,2019-05-19T01:56:28Z,2019-05-19T04:03:27Z,126.98333333333333
250,2019-05-19T23:31:49Z,2019-05-19T23:42:23Z,10.566666666666666
251,2019-05-20T02:21:08Z,2019-05-20T03:48:35Z,87.45
252,2019-05-21T02:58:53Z,2019-05-21T04:20:10Z,81.28333333333333
253,2019-05-21T20:03:01Z,2019-05-22T04:04:56Z,481.9166666666667
254,2019-05-22T22:21:30Z,2019-05-22T23:47:12Z,85.7
255,2019-05-22T23:53:19Z,2019-05-23T00:29:54Z,36.583333333333336
256,2019-05-23T00:36:16Z,2019-05-23T02:19:59Z,103.71666666666667
257,2019-05-23T04:24:22Z,2019-05-23T04:28:22Z,4
258,2019-05-23T07:00:13Z,2019-05-23T07:33:57Z,33.733333333333334
259,2019-05-24T01:42:41Z,2019-05-24T02:12:16Z,29.583333333333332
260,2019-05-24T03:50:03Z,2019-05-24T04:07:50Z,17.783333333333335
261,2019-05-25T00:14:20Z,2019-05-25T02:00:54Z,106.56666666666666
262,2019-05-25T03:59:28Z,2019-05-25T05:17:36Z,78.13333333333334
263,2019-05-25T22:11:39Z,2019-05-26T00:04:58Z,113.31666666666666
264,2019-05-26T03:30:50Z,2019-05-26T04:19:06Z,48.266666666666666
265,2019-05-26T21:52:15Z,2019-05-26T22:56:37Z,64.36666666666666
266,2019-05-27T02:59:56Z,2019-05-27T14:15:57Z,676.0166666666667
267,2019-05-28T02:52:45Z,2019-05-28T04:35:35Z,102.83333333333333
268,2019-05-29T02:06:41Z,2019-05-29T03:28:31Z,81.83333333333333
269,2019-05-29T07:01:59Z,2019-05-29T07:18:46Z,16.783333333333335
270,2019-05-29T22:34:35Z,2019-05-29T23:53:56Z,79.35
271,2019-05-30T03:15:20Z,2019-05-30T04:08:48Z,53.46666666666667
272,2019-05-30T07:13:31Z,2019-05-30T07:25:16Z,11.75
273,2019-06-01T00:44:30Z,2019-06-01T01:22:42Z,38.2
274,2019-06-01T01:26:21Z,2019-06-01T02:51:47Z,85.43333333333334
275,2019-06-01T02:57:32Z,2019-06-01T04:08:10Z,70.63333333333334
276,2019-06-01T07:30:36Z,2019-06-01T07:44:08Z,13.533333333333333
277,2019-06-02T22:29:42Z,2019-06-03T02:08:13Z,218.51666666666668
278,2019-06-03T02:13:28Z,2019-06-03T04:12:31Z,119.05
279,2019-06-03T22:23:47Z,2019-06-03T23:52:24Z,88.61666666666666
280,2019-06-04T01:53:04Z,2019-06-04T02:53:04Z,60
281,2019-06-04T03:53:24Z,2019-06-04T04:09:12Z,15.8
282,2019-06-05T02:47:07Z,2019-06-05T04:05:50Z,78.71666666666667
283,2019-06-05T06:00:31Z,2019-06-05T06:53:15Z,52.733333333333334
284,2019-06-05T22:08:40Z,2019-06-06T01:56:04Z,227.4
285,2019-06-06T02:20:15Z,2019-06-06T02:45:40Z,25.416666666666668
286,2019-06-06T03:46:16Z,2019-06-06T03:53:22Z,7.1
287,2019-06-06T22:48:33Z,2019-06-06T23:14:09Z,25.6
288,2019-06-07T03:02:29Z,2019-06-07T03:12:04Z,9.583333333333334
289,2019-06-07T04:42:56Z,2019-06-07T04:47:13Z,4.283333333333333
290,2019-06-07T21:56:12Z,2019-06-07T22:53:03Z,56.85
291,2019-06-08T07:35:45Z,2019-06-08T15:47:14Z,491.48333333333335
292,2019-06-08T17:20:25Z,2019-06-08T21:29:46Z,249.35
293,2019-06-09T02:20:48Z,2019-06-09T03:34:56Z,74.13333333333334
294,2019-06-09T04:30:30Z,2019-06-09T04:41:39Z,11.15
295,2019-06-09T06:41:53Z,2019-06-09T23:03:14Z,981.35
296,2019-06-10T02:45:21Z,2019-06-10T03:56:49Z,71.46666666666667
297,2019-06-10T04:30:40Z,2019-06-10T04:41:08Z,10.466666666666667
298,2019-06-10T22:49:15Z,2019-06-11T00:22:28Z,93.21666666666667
299,2019-06-11T03:20:54Z,2019-06-11T03:40:20Z,19.433333333333334
300,2019-06-11T07:28:34Z,2019-06-11T21:20:42Z,832.1333333333333
301,2019-06-11T21:25:34Z,2019-06-11T23:51:15Z,145.68333333333334
302,2019-06-11T23:55:21Z,2019-06-12T00:13:40Z,18.316666666666666
303,2019-06-12T02:47:01Z,2019-06-12T04:06:28Z,79.45
304,2019-06-12T04:32:54Z,2019-06-12T04:48:30Z,15.6
305,2019-06-12T21:18:20Z,2019-06-12T23:39:03Z,140.71666666666667
306,2019-06-13T03:05:45Z,2019-06-13T04:07:23Z,61.63333333333333
307,2019-06-14T00:06:59Z,2019-06-14T00:50:39Z,43.666666666666664
308,2019-06-14T03:41:07Z,2019-06-14T03:56:05Z,14.966666666666667
309,2019-06-15T04:09:32Z,2019-06-15T04:49:25Z,39.88333333333333
310,2019-06-16T00:36:07Z,2019-06-16T00:48:18Z,12.183333333333334
311,2019-06-16T03:21:38Z,2019-06-16T03:39:48Z,18.166666666666668
312,2019-06-16T03:50:16Z,2019-06-16T04:44:29Z,54.21666666666667
313,2019-06-17T02:34:10Z,2019-06-17T03:12:23Z,38.21666666666667
314,2019-06-17T04:00:06Z,2019-06-17T05:15:08Z,75.03333333333333
315,2019-06-18T03:08:47Z,2019-06-18T03:54:48Z,46.016666666666666
316,2019-06-19T02:01:49Z,2019-06-19T04:11:14Z,129.41666666666666
317,2019-06-19T07:48:13Z,2019-06-19T20:07:21Z,739.1333333333333
318,2019-06-20T10:54:34Z,2019-06-20T12:25:19Z,90.75
319,2019-06-20T17:45:58Z,2019-06-20T20:30:02Z,164.06666666666666
320,2019-06-20T20:38:17Z,2019-06-20T21:43:32Z,65.25
321,2019-06-21T02:03:39Z,2019-06-21T03:50:56Z,107.28333333333333
322,2019-06-21T03:59:15Z,2019-06-21T04:17:07Z,17.866666666666667
323,2019-06-21T06:35:16Z,2019-06-21T07:15:37Z,40.35
324,2019-06-21T14:50:37Z,2019-06-21T20:16:35Z,325.96666666666664
325,2019-06-22T02:42:49Z,2019-06-22T02:53:40Z,10.85
326,2019-06-22T03:37:38Z,2019-06-22T03:46:35Z,8.95
327,2019-06-22T04:51:05Z,2019-06-22T04:54:49Z,3.7333333333333334
328,2019-06-23T02:36:51Z,2019-06-23T04:09:23Z,92.53333333333333
329,2019-06-23T06:39:09Z,2019-06-23T06:49:16Z,10.116666666666667
330,2019-06-24T00:15:08Z,2019-06-24T02:42:40Z,147.53333333333333
331,2019-06-24T02:45:04Z,2019-06-24T03:54:23Z,69.31666666666666
332,2019-06-25T02:21:35Z,2019-06-25T04:20:18Z,118.71666666666667
334,2019-06-30T02:18:59Z,2019-06-30T05:39:15Z,200.26666666666668
335,2019-07-01T03:43:37Z,2019-07-01T03:54:54Z,11.283333333333333
336,2019-07-01T13:24:49Z,2019-07-02T03:49:19Z,864.5
337,2019-07-02T20:51:06Z,2019-07-03T01:15:59Z,264.8833333333333
338,2019-07-03T01:24:25Z,2019-07-03T02:13:21Z,48.93333333333333
339,2019-07-03T02:22:11Z,2019-07-03T04:00:01Z,97.83333333333333
340,2019-07-03T22:41:50Z,2019-07-04T03:25:10Z,283.3333333333333
341,2019-07-04T03:59:30Z,2019-07-04T04:02:53Z,3.3833333333333333
342,2019-07-04T20:49:23Z,2019-07-05T03:07:19Z,377.93333333333334
343,2019-07-05T03:44:10Z,2019-07-05T03:49:17Z,5.116666666666666
344,2019-07-05T09:57:02Z,2019-07-06T02:22:24Z,985.3666666666667
345,2019-07-06T02:29:58Z,2019-07-06T04:12:16Z,102.3
346,2019-07-07T04:04:16Z,2019-07-07T06:08:03Z,123.78333333333333
347,2019-07-09T02:58:38Z,2019-07-09T03:16:48Z,18.166666666666668
348,2019-07-09T03:22:59Z,2019-07-09T04:00:50Z,37.85
349,2019-07-10T01:09:39Z,2019-07-10T01:49:07Z,39.46666666666667
350,2019-07-10T04:30:09Z,2019-07-10T04:31:34Z,1.4166666666666667
351,2019-07-10T04:50:15Z,2019-07-10T05:03:23Z,13.133333333333333
352,2019-07-10T06:18:18Z,2019-07-10T06:49:04Z,30.766666666666666
353,2019-07-11T02:29:55Z,2019-07-11T05:21:13Z,171.3
354,2019-07-12T10:36:36Z,2019-07-12T21:26:52Z,650.2666666666667
355,2019-07-13T01:38:34Z,2019-07-13T03:54:30Z,135.93333333333334
356,2019-07-14T00:25:13Z,2019-07-14T01:23:07Z,57.9
357,2019-07-14T01:28:25Z,2019-07-14T03:28:29Z,120.06666666666666
358,2019-07-14T05:05:48Z,2019-07-14T05:11:21Z,5.55
359,2019-07-15T03:43:37Z,2019-07-15T04:10:16Z,26.65
360,2019-07-15T04:38:44Z,2019-07-15T04:56:32Z,17.8
361,2019-07-17T04:09:06Z,2019-07-17T05:06:12Z,57.1
362,2019-07-19T04:28:44Z,2019-07-19T04:48:10Z,19.433333333333334
363,2019-07-21T00:09:28Z,2019-07-21T01:03:54Z,54.43333333333333
364,2019-07-21T02:09:49Z,2019-07-21T04:21:42Z,131.88333333333333
365,2019-07-24T10:58:44Z,2019-07-25T06:01:47Z,1143.05
366,2019-07-26T21:01:30Z,2019-07-26T21:33:01Z,31.516666666666666
367,2019-07-27T01:35:17Z,2019-07-27T03:15:25Z,100.13333333333334
368,2019-07-28T04:41:41Z,2019-07-28T04:44:01Z,2.3333333333333335
369,2019-07-28T23:55:51Z,2019-07-29T03:16:03Z,200.2
370,2019-07-29T04:09:27Z,2019-07-29T04:36:52Z,27.416666666666668
371,2019-07-31T02:24:36Z,2019-07-31T04:26:43Z,122.11666666666666
372,2019-08-01T03:27:32Z,2019-08-01T04:14:40Z,47.13333333333333
373,2019-08-01T04:49:32Z,2019-08-01T04:54:36Z,5.066666666666666
374,2019-08-02T07:17:53Z,2019-08-03T04:52:26Z,1294.55
375,2019-08-05T04:18:31Z,2019-08-05T04:54:46Z,36.25
376,2019-08-06T03:42:57Z,2019-08-06T04:53:34Z,70.61666666666666
377,2019-08-07T03:58:54Z,2019-08-07T04:15:23Z,16.483333333333334
378,2019-08-08T00:15:44Z,2019-08-08T01:54:07Z,98.38333333333334
379,2019-08-08T04:07:02Z,2019-08-08T04:51:00Z,43.96666666666667
380,2019-08-09T03:44:20Z,2019-08-09T04:50:16Z,65.93333333333334
381,2019-08-09T23:17:39Z,2019-08-10T00:07:31Z,49.86666666666667
382,2019-08-10T02:21:34Z,2019-08-10T04:33:56Z,132.36666666666667
383,2019-08-12T00:13:22Z,2019-08-12T01:01:17Z,47.916666666666664
384,2019-08-12T03:00:26Z,2019-08-12T04:06:08Z,65.7
385,2019-08-12T04:33:37Z,2019-08-12T04:47:31Z,13.9
386,2019-08-13T00:10:18Z,2019-08-13T02:07:55Z,117.61666666666666
387,2019-08-13T03:49:16Z,2019-08-13T04:07:51Z,18.583333333333332
388,2019-08-13T23:27:29Z,2019-08-14T01:11:57Z,104.46666666666667
389,2019-08-14T03:30:18Z,2019-08-14T04:31:09Z,60.85
390,2019-08-15T04:42:51Z,2019-08-15T05:07:11Z,24.333333333333332
391,2019-08-16T02:59:05Z,2019-08-16T04:52:25Z,113.33333333333333
392,2019-08-17T03:39:51Z,2019-08-17T05:30:47Z,110.93333333333334
393,2019-08-17T20:16:51Z,2019-08-17T21:07:04Z,50.21666666666667
394,2019-08-18T00:05:22Z,2019-08-18T01:51:36Z,106.23333333333333
395,2019-08-18T04:07:18Z,2019-08-18T05:07:44Z,60.43333333333333
396,2019-08-18T08:31:17Z,2019-08-18T08:52:48Z,21.516666666666666
397,2019-08-18T15:29:55Z,2019-08-18T20:44:51Z,314.93333333333334
398,2019-08-18T22:56:46Z,2019-08-19T05:14:59Z,378.21666666666664
399,2019-08-19T05:22:46Z,2019-08-19T09:43:33Z,260.78333333333336
400,2019-08-19T17:23:19Z,2019-08-20T05:14:54Z,711.5833333333334
401,2019-08-20T05:22:13Z,2019-08-20T08:13:32Z,171.31666666666666
402,2019-08-20T16:40:26Z,2019-08-20T21:05:12Z,264.76666666666665
403,2019-08-21T00:07:26Z,2019-08-21T02:52:24Z,164.96666666666667
404,2019-08-21T04:40:25Z,2019-08-21T05:38:02Z,57.61666666666667
405,2019-08-21T11:41:42Z,2019-08-21T12:58:31Z,76.81666666666666
406,2019-08-21T18:37:41Z,2019-08-21T23:46:48Z,309.1166666666667
407,2019-08-21T23:54:59Z,2019-08-22T01:54:13Z,119.23333333333333
408,2019-08-22T03:53:13Z,2019-08-22T05:06:23Z,73.16666666666667
409,2019-08-22T10:08:54Z,2019-08-22T13:44:07Z,215.21666666666667
410,2019-08-22T14:32:00Z,2019-08-23T04:37:17Z,845.2833333333333
411,2019-08-23T07:22:49Z,2019-08-23T08:04:35Z,41.766666666666666
412,2019-08-23T14:31:49Z,2019-08-24T05:54:03Z,922.2333333333333
413,2019-08-24T07:29:09Z,2019-08-24T15:00:34Z,451.4166666666667
414,2019-08-24T18:07:54Z,2019-08-25T05:15:21Z,667.45
415,2019-08-31T00:28:29Z,2019-08-31T04:43:13Z,254.73333333333332
416,2019-09-01T02:14:05Z,2019-09-01T05:32:33Z,198.46666666666667
417,2019-09-02T02:13:37Z,2019-09-02T04:30:27Z,136.83333333333334
418,2019-09-02T04:43:18Z,2019-09-02T04:49:05Z,5.783333333333333
419,2019-09-03T00:20:58Z,2019-09-03T01:12:22Z,51.4
420,2019-09-03T05:05:13Z,2019-09-03T05:08:41Z,3.466666666666667
421,2019-09-03T20:06:53Z,2019-09-03T23:09:38Z,182.75
422,2019-09-03T23:13:16Z,2019-09-03T23:16:45Z,3.4833333333333334
423,2019-09-03T23:37:19Z,2019-09-04T00:27:53Z,50.56666666666667
424,2019-09-04T04:47:06Z,2019-09-04T04:56:56Z,9.833333333333334
425,2019-09-05T23:52:23Z,2019-09-06T02:06:38Z,134.25
426,2019-09-06T05:00:58Z,2019-09-06T05:21:39Z,20.683333333333334
427,2019-09-07T02:51:42Z,2019-09-07T03:49:29Z,57.78333333333333
428,2019-09-08T01:00:16Z,2019-09-08T02:15:59Z,75.71666666666667
429,2019-09-08T04:25:40Z,2019-09-08T04:30:26Z,4.766666666666667
430,2019-09-08T12:54:07Z,2019-09-08T13:19:50Z,25.716666666666665
431,2019-09-09T04:04:31Z,2019-09-09T04:23:18Z,18.783333333333335
432,2019-09-09T19:17:07Z,2019-09-09T22:44:23Z,207.26666666666668
433,2019-09-10T03:28:54Z,2019-09-10T03:46:21Z,17.45
434,2019-09-10T05:25:08Z,2019-09-10T14:33:13Z,548.0833333333334
435,2019-09-11T05:12:03Z,2019-09-11T05:41:33Z,29.5
436,2019-09-12T04:51:37Z,2019-09-12T05:08:20Z,16.716666666666665
437,2019-09-13T13:42:59Z,2019-09-14T01:18:21Z,695.3666666666667
438,2019-09-14T01:20:24Z,2019-09-14T05:31:57Z,251.55
439,2019-09-14T23:58:17Z,2019-09-15T01:29:39Z,91.36666666666666
440,2019-09-15T04:30:03Z,2019-09-15T05:44:39Z,74.6
441,2019-09-16T13:44:31Z,2019-09-16T21:02:16Z,437.75
442,2019-09-17T05:03:23Z,2019-09-17T05:10:10Z,6.783333333333333
443,2019-09-18T04:51:40Z,2019-09-18T04:56:36Z,4.933333333333334
444,2019-09-18T05:14:23Z,2019-09-18T14:15:08Z,540.75
445,2019-09-19T03:54:41Z,2019-09-19T03:59:27Z,4.766666666666667
446,2019-09-20T23:54:40Z,2019-09-21T00:18:24Z,23.733333333333334
447,2019-09-21T02:56:13Z,2019-09-21T03:03:43Z,7.5
448,2019-09-22T03:36:13Z,2019-09-22T03:41:34Z,5.35
449,2019-09-22T05:37:08Z,2019-09-22T06:01:47Z,24.65
450,2019-09-23T02:36:46Z,2019-09-23T02:40:57Z,4.183333333333334
451,2019-09-24T04:41:00Z,2019-09-24T04:50:33Z,9.55
452,2019-09-25T04:57:39Z,2019-09-25T05:08:10Z,10.516666666666667
453,2019-09-25T13:43:34Z,2019-09-25T23:36:09Z,592.5833333333334
454,2019-09-26T05:21:02Z,2019-09-26T05:26:06Z,5.066666666666666
455,2019-09-26T07:49:17Z,2019-09-27T02:06:34Z,1097.2833333333333
456,2019-09-27T04:33:07Z,2019-09-27T04:40:29Z,7.366666666666666
457,2019-09-27T05:28:43Z,2019-09-27T05:32:57Z,4.233333333333333
458,2019-09-27T22:59:02Z,2019-09-27T23:37:19Z,38.28333333333333
459,2019-09-28T04:24:46Z,2019-09-28T04:58:34Z,33.8
460,2019-09-28T10:21:21Z,2019-09-28T11:14:18Z,52.95
461,2019-09-28T14:03:20Z,2019-09-28T20:57:40Z,414.3333333333333
462,2019-09-29T03:04:24Z,2019-09-29T03:40:27Z,36.05
463,2019-09-29T05:32:25Z,2019-09-29T05:39:20Z,6.916666666666667
464,2019-09-29T06:02:36Z,2019-09-29T07:24:25Z,81.81666666666666
465,2019-09-29T16:14:44Z,2019-09-29T17:39:36Z,84.86666666666666
466,2019-09-29T19:52:56Z,2019-09-29T23:34:06Z,221.16666666666666
467,2019-09-30T02:59:37Z,2019-09-30T03:11:56Z,12.316666666666666
468,2019-09-30T04:47:19Z,2019-09-30T05:16:56Z,29.616666666666667
469,2019-10-01T03:21:53Z,2019-10-01T03:44:32Z,22.65
470,2019-10-01T05:27:33Z,2019-10-01T05:40:20Z,12.783333333333333
471,2019-10-01T20:04:11Z,2019-10-01T20:50:10Z,45.983333333333334
472,2019-10-02T04:39:41Z,2019-10-02T04:48:04Z,8.383333333333333
473,2019-10-02T13:13:12Z,2019-10-02T21:30:20Z,497.1333333333333
474,2019-10-03T02:55:05Z,2019-10-03T03:00:16Z,5.183333333333334
475,2019-10-03T05:43:44Z,2019-10-03T22:49:54Z,1026.1666666666667
476,2019-10-04T04:06:57Z,2019-10-04T04:39:12Z,32.25
477,2019-10-04T06:01:21Z,2019-10-04T06:26:50Z,25.483333333333334
478,2019-10-05T04:16:49Z,2019-10-05T04:40:17Z,23.466666666666665
479,2019-10-05T05:39:33Z,2019-10-05T05:53:14Z,13.683333333333334
480,2019-10-06T02:41:00Z,2019-10-06T03:05:33Z,24.55
481,2019-10-06T05:57:53Z,2019-10-06T06:00:28Z,2.5833333333333335
482,2019-10-06T13:09:58Z,2019-10-06T21:07:10Z,477.2
483,2019-10-07T05:01:11Z,2019-10-07T05:16:52Z,15.683333333333334
484,2019-10-07T15:56:37Z,2019-10-07T21:37:05Z,340.46666666666664
485,2019-10-07T22:33:35Z,2019-10-08T01:22:19Z,168.73333333333332
486,2019-10-08T04:32:39Z,2019-10-08T04:51:06Z,18.45
488,2019-10-15T00:44:39Z,2019-10-15T02:22:18Z,97.65
489,2019-10-16T03:06:09Z,2019-10-16T03:18:02Z,11.883333333333333
490,2019-10-16T05:29:37Z,2019-10-16T05:59:00Z,29.383333333333333
491,2019-10-18T02:12:30Z,2019-10-18T02:42:49Z,30.316666666666666
492,2019-10-19T05:24:47Z,2019-10-19T06:10:10Z,45.38333333333333
493,2019-10-20T02:19:20Z,2019-10-20T03:11:14Z,51.9
494,2019-10-20T11:32:39Z,2019-10-20T13:19:44Z,107.08333333333333
495,2019-10-21T01:09:50Z,2019-10-21T01:50:57Z,41.11666666666667
496,2019-10-21T05:06:12Z,2019-10-21T05:22:37Z,16.416666666666668
497,2019-10-22T03:27:41Z,2019-10-22T04:22:29Z,54.8
498,2019-10-22T06:27:30Z,2019-10-22T06:43:21Z,15.85
499,2019-10-22T16:39:03Z,2019-10-22T23:08:49Z,389.76666666666665
500,2019-10-23T05:04:41Z,2019-10-23T05:10:19Z,5.633333333333333
501,2019-10-23T13:09:28Z,2019-10-23T21:58:38Z,529.1666666666666
502,2019-10-24T05:03:16Z,2019-10-24T05:26:03Z,22.783333333333335
503,2019-10-24T06:51:05Z,2019-10-24T13:34:29Z,403.4
504,2019-10-24T21:37:54Z,2019-10-24T22:25:16Z,47.36666666666667
505,2019-10-25T00:53:59Z,2019-10-25T02:13:37Z,79.63333333333334
506,2019-10-26T05:25:35Z,2019-10-26T05:39:05Z,13.5
507,2019-10-26T21:47:36Z,2019-10-27T00:28:42Z,161.1
508,2019-10-27T00:44:24Z,2019-10-27T01:47:57Z,63.55
509,2019-10-27T05:48:33Z,2019-10-27T06:03:11Z,14.633333333333333
510,2019-10-27T12:24:42Z,2019-10-27T17:46:52Z,322.1666666666667
511,2019-10-28T05:17:52Z,2019-10-28T05:26:31Z,8.65
512,2019-10-28T09:09:17Z,2019-10-28T10:58:01Z,108.73333333333333
513,2019-10-28T13:26:04Z,2019-10-28T13:51:23Z,25.316666666666666
514,2019-10-29T11:14:00Z,2019-10-30T05:34:43Z,1100.7166666666667
515,2019-10-30T13:55:09Z,2019-10-31T02:25:06Z,749.95
516,2019-10-31T16:55:03Z,2019-11-01T06:29:41Z,814.6333333333333
517,2019-11-01T13:13:51Z,2019-11-02T01:17:23Z,723.5333333333333
518,2019-11-03T02:07:17Z,2019-11-03T04:27:31Z,140.23333333333332
519,2019-11-03T07:01:14Z,2019-11-03T07:39:17Z,38.05
520,2019-11-03T14:53:55Z,2019-11-04T05:21:02Z,867.1166666666667
521,2019-11-04T18:50:58Z,2019-11-05T01:34:16Z,403.3
522,2019-11-05T05:05:18Z,2019-11-05T05:24:15Z,18.95
523,2019-11-06T09:27:37Z,2019-11-06T21:09:37Z,702
524,2019-11-07T15:54:14Z,2019-11-07T16:27:44Z,33.5
525,2019-11-08T06:24:47Z,2019-11-08T06:32:38Z,7.85
526,2019-11-08T08:28:43Z,2019-11-08T14:17:37Z,348.9
527,2019-11-10T06:45:01Z,2019-11-10T06:52:51Z,7.833333333333333
528,2019-11-10T11:30:04Z,2019-11-10T19:54:04Z,504
529,2019-11-11T09:04:34Z,2019-11-11T11:38:34Z,154
530,2019-11-12T06:36:40Z,2019-11-12T07:21:25Z,44.75
531,2019-11-13T02:41:04Z,2019-11-13T03:04:07Z,23.05
532,2019-11-13T06:09:21Z,2019-11-13T06:49:32Z,40.18333333333333
533,2019-11-14T06:39:05Z,2019-11-14T07:11:24Z,32.31666666666667
534,2019-11-14T11:16:36Z,2019-11-14T11:22:24Z,5.8
535,2019-11-14T11:32:23Z,2019-11-14T20:31:55Z,539.5333333333333
536,2019-11-15T08:31:57Z,2019-11-16T01:35:31Z,1023.5666666666667
537,2019-11-16T21:21:10Z,2019-11-17T01:26:06Z,244.93333333333334
538,2019-11-17T05:43:19Z,2019-11-17T06:12:36Z,29.283333333333335
539,2019-11-17T10:34:32Z,2019-11-17T23:27:46Z,773.2333333333333
540,2019-11-18T04:42:20Z,2019-11-18T04:58:25Z,16.083333333333332
541,2019-11-18T08:27:04Z,2019-11-18T14:12:41Z,345.6166666666667
542,2019-11-18T23:44:32Z,2019-11-19T00:24:28Z,39.93333333333333
543,2019-11-19T05:27:58Z,2019-11-19T05:50:34Z,22.6
544,2019-11-19T09:44:12Z,2019-11-19T21:23:37Z,699.4166666666666
545,2019-11-20T15:05:02Z,2019-11-21T00:22:41Z,557.65
546,2019-11-21T02:04:34Z,2019-11-21T02:18:54Z,14.333333333333334
547,2019-11-21T09:29:26Z,2019-11-21T15:15:39Z,346.21666666666664
548,2019-11-21T21:44:49Z,2019-11-21T22:14:23Z,29.566666666666666
549,2019-11-23T07:33:32Z,2019-11-23T08:49:20Z,75.8
550,2019-11-23T21:31:27Z,2019-11-23T21:58:14Z,26.783333333333335
551,2019-11-25T03:02:21Z,2019-11-25T04:19:33Z,77.2
553,2019-12-04T02:19:16Z,2019-12-04T02:43:16Z,24
554,2019-12-04T07:40:32Z,2019-12-04T23:29:01Z,948.4833333333333
555,2019-12-05T13:11:18Z,2019-12-06T05:15:55Z,964.6166666666667
556,2019-12-07T00:54:59Z,2019-12-07T04:10:50Z,195.85
557,2019-12-07T05:14:34Z,2019-12-07T05:37:20Z,22.766666666666666
558,2019-12-08T04:00:16Z,2019-12-08T05:36:15Z,95.98333333333333
559,2019-12-08T07:56:16Z,2019-12-08T13:58:16Z,362
560,2019-12-09T00:32:53Z,2019-12-09T00:59:38Z,26.75
561,2019-12-09T01:12:52Z,2019-12-09T01:48:41Z,35.81666666666667
562,2019-12-09T03:34:52Z,2019-12-09T03:49:43Z,14.85
563,2019-12-09T20:58:13Z,2019-12-09T21:11:33Z,13.333333333333334
564,2019-12-09T22:43:57Z,2019-12-09T23:43:46Z,59.81666666666667
565,2019-12-10T04:43:58Z,2019-12-10T05:01:39Z,17.683333333333334
566,2019-12-10T19:44:58Z,2019-12-10T21:10:44Z,85.76666666666667
567,2019-12-11T06:18:17Z,2019-12-11T07:01:58Z,43.68333333333333
568,2019-12-11T23:36:04Z,2019-12-12T00:16:47Z,40.71666666666667
569,2019-12-12T04:17:25Z,2019-12-12T04:50:40Z,33.25
570,2019-12-12T14:58:49Z,2019-12-12T23:03:23Z,484.56666666666666
571,2019-12-13T03:02:27Z,2019-12-13T03:36:20Z,33.88333333333333
572,2019-12-13T07:52:42Z,2019-12-13T15:06:42Z,434
573,2019-12-14T06:00:45Z,2019-12-14T06:16:35Z,15.833333333333334
574,2019-12-14T11:10:16Z,2019-12-14T12:50:57Z,100.68333333333334
575,2019-12-15T02:46:32Z,2019-12-15T03:44:53Z,58.35
576,2019-12-16T02:08:39Z,2019-12-16T03:38:09Z,89.5
577,2019-12-17T04:24:31Z,2019-12-17T04:39:21Z,14.833333333333334
578,2019-12-17T08:58:55Z,2019-12-17T21:34:28Z,755.55
579,2019-12-18T01:47:20Z,2019-12-18T03:07:52Z,80.53333333333333
580,2019-12-18T05:56:57Z,2019-12-18T06:31:47Z,34.833333333333336
581,2019-12-19T05:35:28Z,2019-12-19T06:29:27Z,53.983333333333334
582,2019-12-20T23:34:16Z,2019-12-20T23:50:44Z,16.466666666666665
583,2019-12-21T04:33:41Z,2019-12-21T05:29:47Z,56.1
584,2019-12-21T21:14:00Z,2019-12-21T23:02:31Z,108.51666666666667
585,2019-12-22T04:46:24Z,2019-12-22T05:31:00Z,44.6
586,2019-12-22T19:44:53Z,2019-12-22T21:14:24Z,89.51666666666667
587,2019-12-23T01:32:03Z,2019-12-23T02:52:40Z,80.61666666666666
588,2019-12-23T04:27:11Z,2019-12-23T05:00:10Z,32.983333333333334
589,2019-12-23T19:30:55Z,2019-12-23T19:45:26Z,14.516666666666667
590,2019-12-24T03:44:46Z,2019-12-24T04:25:10Z,40.4
591,2019-12-24T23:50:56Z,2019-12-24T23:59:09Z,8.216666666666667
592,2019-12-25T03:36:58Z,2019-12-25T04:45:09Z,68.18333333333334
593,2019-12-25T06:24:27Z,2019-12-25T07:15:06Z,50.65
594,2019-12-25T09:01:17Z,2019-12-25T14:40:36Z,339.31666666666666
595,2019-12-26T05:13:10Z,2019-12-26T05:28:16Z,15.1
596,2019-12-26T23:37:51Z,2019-12-27T00:56:06Z,78.25
597,2019-12-27T02:58:19Z,2019-12-27T03:47:46Z,49.45
598,2019-12-27T08:32:42Z,2019-12-28T05:33:34Z,1260.8666666666666
599,2019-12-28T11:15:52Z,2019-12-29T00:22:31Z,786.65
600,2019-12-30T05:51:13Z,2019-12-30T06:09:18Z,18.083333333333332
601,2019-12-31T04:29:57Z,2019-12-31T04:48:43Z,18.766666666666666
602,2019-12-31T09:14:05Z,2019-12-31T12:59:31Z,225.43333333333334
603,2020-01-02T01:59:23Z,2020-01-02T02:12:52Z,13.483333333333333
604,2020-01-02T06:04:53Z,2020-01-02T06:26:14Z,21.35
605,2020-01-02T09:09:10Z,2020-01-02T09:26:57Z,17.783333333333335
606,2020-01-02T13:43:49Z,2020-01-02T14:00:53Z,17.066666666666666
607,2020-01-02T23:41:44Z,2020-01-03T00:22:58Z,41.233333333333334
608,2020-01-03T04:32:34Z,2020-01-03T05:03:31Z,30.95
609,2020-01-03T23:53:59Z,2020-01-04T00:05:12Z,11.216666666666667
610,2020-01-04T04:34:48Z,2020-01-04T05:16:28Z,41.666666666666664
611,2020-01-05T05:17:41Z,2020-01-05T05:40:46Z,23.083333333333332
612,2020-01-06T07:01:04Z,2020-01-06T07:03:12Z,2.1333333333333333
613,2020-01-07T03:44:02Z,2020-01-07T04:12:20Z,28.3
614,2020-01-07T13:09:02Z,2020-01-08T00:19:50Z,670.8
615,2020-01-08T06:26:18Z,2020-01-08T06:35:34Z,9.266666666666667
616,2020-01-09T00:46:06Z,2020-01-09T02:04:54Z,78.8
617,2020-01-09T13:43:28Z,2020-01-09T16:52:08Z,188.66666666666666
618,2020-01-09T17:25:14Z,2020-01-10T00:18:31Z,413.28333333333336
619,2020-01-10T05:14:51Z,2020-01-10T05:35:32Z,20.683333333333334
620,2020-01-10T15:29:03Z,2020-01-10T22:24:21Z,415.3
621,2020-01-10T23:41:37Z,2020-01-11T01:09:57Z,88.33333333333333
622,2020-01-11T04:53:30Z,2020-01-11T05:49:46Z,56.266666666666666
623,2020-01-12T04:24:12Z,2020-01-12T04:48:35Z,24.383333333333333
624,2020-01-13T19:18:25Z,2020-01-14T03:02:14Z,463.81666666666666
625,2020-01-14T08:01:43Z,2020-01-14T08:32:45Z,31.033333333333335
626,2020-01-14T21:00:48Z,2020-01-14T23:24:28Z,143.66666666666666
627,2020-01-15T05:07:59Z,2020-01-15T06:11:47Z,63.8
628,2020-01-16T06:18:09Z,2020-01-16T06:30:57Z,12.8
629,2020-01-16T08:40:30Z,2020-01-16T22:25:54Z,825.4
630,2020-01-17T06:22:58Z,2020-01-17T06:41:10Z,18.2
631,2020-01-17T23:45:48Z,2020-01-18T00:55:50Z,70.03333333333333
632,2020-01-18T05:53:23Z,2020-01-18T06:06:49Z,13.433333333333334
633,2020-01-18T22:55:06Z,2020-01-18T23:44:02Z,48.93333333333333
634,2020-01-20T03:36:09Z,2020-01-20T04:01:34Z,25.416666666666668
635,2020-01-21T03:37:06Z,2020-01-21T03:46:03Z,8.95
636,2020-01-21T09:39:21Z,2020-01-21T10:18:23Z,39.03333333333333
637,2020-01-23T00:44:43Z,2020-01-23T00:47:39Z,2.9333333333333336
638,2020-01-24T05:01:41Z,2020-01-24T05:21:10Z,19.483333333333334
639,2020-01-24T23:49:57Z,2020-01-24T23:58:53Z,8.933333333333334
640,2020-01-26T07:00:30Z,2020-01-26T07:41:34Z,41.06666666666667
641,2020-01-27T05:21:29Z,2020-01-27T06:00:52Z,39.38333333333333
642,2020-01-27T15:03:52Z,2020-01-27T20:23:22Z,319.5
643,2020-01-28T05:38:10Z,2020-01-28T06:04:48Z,26.633333333333333
644,2020-01-28T17:40:40Z,2020-01-28T17:58:37Z,17.95
645,2020-01-28T19:04:26Z,2020-01-29T00:40:26Z,336
646,2020-01-29T03:55:47Z,2020-01-29T04:42:03Z,46.266666666666666
647,2020-01-29T19:22:07Z,2020-01-29T22:29:56Z,187.81666666666666
648,2020-01-30T04:59:08Z,2020-01-30T05:25:44Z,26.6
649,2020-01-31T04:19:15Z,2020-01-31T04:56:40Z,37.416666666666664
650,2020-02-01T23:45:05Z,2020-02-02T01:11:44Z,86.65
651,2020-02-02T05:31:27Z,2020-02-02T06:18:30Z,47.05
652,2020-02-03T00:29:20Z,2020-02-03T01:03:13Z,33.88333333333333
653,2020-02-03T04:22:25Z,2020-02-03T04:33:54Z,11.483333333333333
654,2020-02-03T19:14:45Z,2020-02-03T20:49:02Z,94.28333333333333
655,2020-02-04T01:24:54Z,2020-02-04T02:07:14Z,42.333333333333336
656,2020-02-04T05:09:49Z,2020-02-04T05:18:54Z,9.083333333333334
657,2020-02-04T13:38:10Z,2020-02-04T14:02:02Z,23.866666666666667
658,2020-02-04T21:12:25Z,2020-02-04T21:47:25Z,35
659,2020-02-06T08:10:21Z,2020-02-07T02:02:10Z,1071.8166666666666
660,2020-02-07T15:49:25Z,2020-02-07T16:38:16Z,48.85
661,2020-02-08T05:46:59Z,2020-02-08T06:00:00Z,13.016666666666667
662,2020-02-08T23:58:43Z,2020-02-09T00:31:14Z,32.516666666666666
663,2020-02-09T06:14:57Z,2020-02-09T06:39:14Z,24.283333333333335
664,2020-02-09T23:29:11Z,2020-02-10T00:49:23Z,80.2
665,2020-02-10T04:31:58Z,2020-02-10T04:34:52Z,2.9
666,2020-02-10T04:57:19Z,2020-02-10T06:09:10Z,71.85
667,2020-02-10T06:16:45Z,2020-02-10T07:51:10Z,94.41666666666667
668,2020-02-10T11:28:16Z,2020-02-10T11:36:07Z,7.85
669,2020-02-10T13:16:35Z,2020-02-10T13:25:58Z,9.383333333333333
670,2020-02-10T17:27:28Z,2020-02-10T17:50:40Z,23.2
671,2020-02-10T18:10:50Z,2020-02-10T21:21:59Z,191.15
672,2020-02-11T02:04:57Z,2020-02-11T02:12:13Z,7.266666666666667
673,2020-02-11T02:24:55Z,2020-02-11T03:33:20Z,68.41666666666667
674,2020-02-12T05:59:22Z,2020-02-12T06:16:31Z,17.15
675,2020-02-12T06:38:47Z,2020-02-12T17:21:36Z,642.8166666666667
676,2020-02-14T02:44:16Z,2020-02-14T03:16:49Z,32.55
677,2020-02-14T05:51:47Z,2020-02-14T06:03:35Z,11.8
678,2020-02-14T19:07:13Z,2020-02-15T03:51:26Z,524.2166666666667
679,2020-02-15T15:48:43Z,2020-02-15T17:15:54Z,87.18333333333334
680,2020-02-15T23:58:25Z,2020-02-16T00:32:19Z,33.9
681,2020-02-16T06:06:46Z,2020-02-16T06:57:45Z,50.983333333333334
682,2020-02-16T08:44:37Z,2020-02-16T09:56:50Z,72.21666666666667
683,2020-02-16T17:15:56Z,2020-02-16T17:55:34Z,39.63333333333333
684,2020-02-16T23:58:06Z,2020-02-17T01:17:00Z,78.9
685,2020-02-17T05:17:56Z,2020-02-17T06:29:47Z,71.85
686,2020-02-17T07:15:51Z,2020-02-17T19:20:46Z,724.9166666666666
687,2020-02-17T22:02:12Z,2020-02-17T22:57:44Z,55.53333333333333
688,2020-02-18T05:08:06Z,2020-02-18T05:49:33Z,41.45
689,2020-02-18T18:26:52Z,2020-02-18T19:19:54Z,53.03333333333333
690,2020-02-18T21:16:54Z,2020-02-18T21:31:59Z,15.083333333333334
691,2020-02-19T03:35:06Z,2020-02-19T04:32:41Z,57.583333333333336
692,2020-02-19T16:47:29Z,2020-02-19T17:02:30Z,15.016666666666667
693,2020-02-19T18:20:22Z,2020-02-19T19:14:30Z,54.13333333333333
694,2020-02-20T00:45:04Z,2020-02-20T01:15:59Z,30.916666666666668
695,2020-02-20T04:49:26Z,2020-02-20T08:17:12Z,207.76666666666668
696,2020-02-20T18:40:16Z,2020-02-20T19:30:12Z,49.93333333333333
697,2020-02-21T01:42:17Z,2020-02-21T02:43:50Z,61.55
698,2020-02-21T05:04:34Z,2020-02-21T05:44:00Z,39.43333333333333
699,2020-02-21T07:42:07Z,2020-02-21T08:07:08Z,25.016666666666666
700,2020-02-21T18:06:37Z,2020-02-21T19:27:45Z,81.13333333333334
701,2020-02-22T01:37:44Z,2020-02-22T02:31:29Z,53.75
702,2020-02-22T05:53:05Z,2020-02-22T06:36:12Z,43.11666666666667
703,2020-02-22T17:27:47Z,2020-02-22T21:14:59Z,227.2
704,2020-02-23T18:17:18Z,2020-02-23T22:12:00Z,234.7
705,2020-02-24T00:56:10Z,2020-02-24T02:10:38Z,74.46666666666667
706,2020-02-24T05:06:50Z,2020-02-24T05:52:14Z,45.4
707,2020-02-24T17:50:18Z,2020-02-24T18:50:31Z,60.21666666666667
708,2020-02-25T03:38:51Z,2020-02-25T04:17:22Z,38.516666666666666
709,2020-02-26T04:49:32Z,2020-02-26T05:04:55Z,15.383333333333333
710,2020-02-27T00:21:25Z,2020-02-27T00:40:04Z,18.65
711,2020-02-27T04:29:46Z,2020-02-27T04:58:51Z,29.083333333333332
712,2020-02-28T04:06:52Z,2020-02-28T04:23:28Z,16.6
713,2020-02-29T06:29:11Z,2020-02-29T06:50:31Z,21.333333333333332
714,2020-02-29T20:19:00Z,2020-02-29T20:51:58Z,32.96666666666667
715,2020-03-01T05:28:00Z,2020-03-01T05:50:41Z,22.683333333333334
716,2020-03-01T06:52:47Z,2020-03-01T07:01:53Z,9.1
717,2020-03-01T19:09:22Z,2020-03-01T20:48:46Z,99.4
718,2020-03-02T21:58:06Z,2020-03-02T22:20:32Z,22.433333333333334
719,2020-03-03T09:18:09Z,2020-03-03T09:46:22Z,28.216666666666665
720,2020-03-03T19:53:19Z,2020-03-03T20:38:54Z,45.583333333333336
721,2020-03-04T01:53:17Z,2020-03-04T02:15:17Z,22
722,2020-03-04T09:31:01Z,2020-03-04T17:37:21Z,486.3333333333333
723,2020-03-05T02:55:02Z,2020-03-05T03:36:40Z,41.63333333333333
724,2020-03-05T06:02:24Z,2020-03-05T06:30:22Z,27.966666666666665
725,2020-03-05T19:20:07Z,2020-03-05T22:01:11Z,161.06666666666666
726,2020-03-05T23:44:12Z,2020-03-06T00:34:29Z,50.28333333333333
727,2020-03-06T05:10:23Z,2020-03-06T05:25:52Z,15.483333333333333
728,2020-03-06T08:40:24Z,2020-03-06T14:44:22Z,363.96666666666664
729,2020-03-06T19:34:13Z,2020-03-06T20:26:34Z,52.35
730,2020-03-06T23:47:11Z,2020-03-07T00:09:26Z,22.25
731,2020-03-07T05:05:50Z,2020-03-07T05:41:59Z,36.15
732,2020-03-07T19:00:43Z,2020-03-07T19:47:50Z,47.11666666666667
733,2020-03-08T04:43:51Z,2020-03-08T05:06:54Z,23.05
734,2020-03-08T16:12:45Z,2020-03-08T20:27:39Z,254.9
735,2020-03-09T05:16:12Z,2020-03-09T05:30:50Z,14.633333333333333
736,2020-03-09T13:07:09Z,2020-03-09T13:38:40Z,31.516666666666666
737,2020-03-10T04:20:08Z,2020-03-10T04:39:57Z,19.816666666666666
738,2020-03-10T18:38:33Z,2020-03-10T20:20:39Z,102.1
739,2020-03-11T03:52:04Z,2020-03-11T04:37:46Z,45.7
740,2020-03-11T14:09:29Z,2020-03-11T15:08:48Z,59.31666666666667
741,2020-03-11T18:57:48Z,2020-03-11T20:35:30Z,97.7
742,2020-03-12T06:02:38Z,2020-03-12T07:26:08Z,83.5
743,2020-03-12T13:37:33Z,2020-03-13T00:47:12Z,669.65
744,2020-03-13T04:18:20Z,2020-03-13T05:07:09Z,48.81666666666667
745,2020-03-13T07:48:38Z,2020-03-13T21:08:08Z,799.5
746,2020-03-14T04:11:17Z,2020-03-14T05:01:44Z,50.45
747,2020-03-17T05:49:18Z,2020-03-17T06:30:38Z,41.333333333333336
748,2020-03-17T09:25:57Z,2020-03-17T10:33:11Z,67.23333333333333
749,2020-03-18T04:59:26Z,2020-03-18T05:47:58Z,48.53333333333333
750,2020-03-19T00:49:29Z,2020-03-19T02:27:10Z,97.68333333333334
751,2020-03-19T05:21:35Z,2020-03-19T06:07:27Z,45.86666666666667
752,2020-03-20T00:06:10Z,2020-03-20T01:13:26Z,67.26666666666667
753,2020-03-20T05:46:11Z,2020-03-20T06:17:01Z,30.833333333333332
754,2020-03-21T05:50:18Z,2020-03-21T06:16:33Z,26.25
755,2020-03-21T13:17:07Z,2020-03-21T21:59:25Z,522.3
756,2020-03-22T02:26:17Z,2020-03-22T02:52:51Z,26.566666666666666
757,2020-03-23T00:01:28Z,2020-03-23T00:32:42Z,31.233333333333334
758,2020-03-23T04:45:37Z,2020-03-23T04:55:54Z,10.283333333333333
759,2020-03-24T01:10:58Z,2020-03-24T01:45:13Z,34.25
760,2020-03-24T04:55:23Z,2020-03-24T05:06:07Z,10.733333333333333
761,2020-03-26T02:25:29Z,2020-03-26T03:25:21Z,59.86666666666667
762,2020-03-26T05:43:56Z,2020-03-26T06:12:29Z,28.55
763,2020-03-26T14:42:53Z,2020-03-26T15:05:53Z,23
764,2020-03-27T04:37:31Z,2020-03-27T05:02:48Z,25.283333333333335
765,2020-03-29T02:41:00Z,2020-03-29T02:56:15Z,15.25
766,2020-03-29T04:56:43Z,2020-03-29T05:33:46Z,37.05
767,2020-03-30T13:38:25Z,2020-03-30T21:36:20Z,477.9166666666667
768,2020-03-31T03:34:09Z,2020-03-31T03:56:44Z,22.583333333333332
769,2020-04-01T00:18:50Z,2020-04-01T00:56:24Z,37.56666666666667
770,2020-04-02T03:19:09Z,2020-04-02T03:43:54Z,24.75
771,2020-04-03T22:50:06Z,2020-04-04T00:04:39Z,74.55
772,2020-04-05T05:15:32Z,2020-04-05T20:13:51Z,898.3166666666667
773,2020-04-06T02:44:33Z,2020-04-06T03:54:33Z,70
774,2020-04-07T04:31:38Z,2020-04-07T05:13:18Z,41.666666666666664
775,2020-04-08T01:59:55Z,2020-04-08T03:02:25Z,62.5
776,2020-04-08T05:10:26Z,2020-04-08T21:52:06Z,1001.6666666666666
777,2020-04-09T05:33:48Z,2020-04-09T05:34:35Z,0.7833333333333333
778,2020-04-10T04:52:40Z,2020-04-10T05:30:37Z,37.95
779,2020-04-15T00:13:23Z,2020-04-15T00:49:33Z,36.166666666666664
780,2020-04-15T02:38:27Z,2020-04-15T02:56:02Z,17.583333333333332
781,2020-04-15T12:51:40Z,2020-04-15T21:14:03Z,502.3833333333333
782,2020-04-16T00:07:54Z,2020-04-16T01:01:27Z,53.55
783,2020-04-17T05:24:41Z,2020-04-17T05:29:58Z,5.283333333333333
784,2020-04-17T09:08:16Z,2020-04-17T09:55:44Z,47.46666666666667
785,2020-04-18T05:31:16Z,2020-04-18T05:55:12Z,23.933333333333334
786,2020-04-18T15:18:58Z,2020-04-18T22:26:08Z,427.1666666666667
787,2020-04-19T03:00:18Z,2020-04-19T04:02:42Z,62.4
788,2020-04-19T05:20:24Z,2020-04-19T07:01:11Z,100.78333333333333
789,2020-04-20T01:53:21Z,2020-04-20T04:10:24Z,137.05
790,2020-04-20T05:26:50Z,2020-04-20T05:27:24Z,0.5666666666666667
791,2020-04-21T04:26:40Z,2020-04-21T04:50:26Z,23.766666666666666
792,2020-04-22T01:09:20Z,2020-04-22T02:37:26Z,88.1
793,2020-04-22T05:12:20Z,2020-04-22T05:37:05Z,24.75
794,2020-04-23T00:10:59Z,2020-04-23T02:07:31Z,116.53333333333333
795,2020-04-23T04:43:14Z,2020-04-23T05:15:06Z,31.866666666666667
796,2020-04-24T01:23:15Z,2020-04-24T02:11:26Z,48.18333333333333
797,2020-04-24T04:34:23Z,2020-04-24T05:05:38Z,31.25
798,2020-04-25T00:23:12Z,2020-04-25T02:34:58Z,131.76666666666668
799,2020-04-25T03:52:06Z,2020-04-25T04:05:08Z,13.033333333333333
800,2020-04-25T04:40:21Z,2020-04-25T05:02:35Z,22.233333333333334
801,2020-04-26T00:33:07Z,2020-04-26T00:48:06Z,14.983333333333333
802,2020-04-26T03:28:42Z,2020-04-26T03:34:18Z,5.6
803,2020-04-26T04:40:19Z,2020-04-26T04:46:48Z,6.483333333333333
804,2020-04-27T00:20:15Z,2020-04-27T03:06:50Z,166.58333333333334
805,2020-04-27T04:06:18Z,2020-04-27T04:25:26Z,19.133333333333333
806,2020-04-28T04:25:17Z,2020-04-28T05:22:43Z,57.43333333333333
807,2020-04-28T19:03:14Z,2020-04-29T01:11:14Z,368
808,2020-04-29T03:24:17Z,2020-04-29T05:05:34Z,101.28333333333333
809,2020-04-29T09:47:39Z,2020-04-29T10:15:16Z,27.616666666666667
810,2020-04-29T23:50:11Z,2020-04-30T00:41:09Z,50.96666666666667
811,2020-04-30T03:14:19Z,2020-04-30T04:05:09Z,50.833333333333336
812,2020-04-30T04:59:33Z,2020-04-30T05:30:30Z,30.95
813,2020-04-30T23:35:10Z,2020-05-01T00:15:12Z,40.03333333333333
814,2020-05-01T03:28:21Z,2020-05-01T03:39:10Z,10.816666666666666
815,2020-05-01T04:44:08Z,2020-05-01T05:02:55Z,18.783333333333335
816,2020-05-01T19:37:56Z,2020-05-01T20:26:23Z,48.45
817,2020-05-01T22:10:34Z,2020-05-01T22:48:47Z,38.21666666666667
818,2020-05-02T03:37:54Z,2020-05-02T04:15:01Z,37.11666666666667
819,2020-05-03T00:16:48Z,2020-05-03T00:35:54Z,19.1
820,2020-05-03T04:24:20Z,2020-05-03T04:26:31Z,2.183333333333333
821,2020-05-03T05:11:53Z,2020-05-03T05:57:57Z,46.06666666666667
822,2020-05-04T01:48:58Z,2020-05-04T02:57:41Z,68.71666666666667
823,2020-05-04T04:44:44Z,2020-05-04T05:11:33Z,26.816666666666666
824,2020-05-04T10:21:25Z,2020-05-04T21:25:20Z,663.9166666666666
825,2020-05-05T03:15:04Z,2020-05-05T03:46:42Z,31.633333333333333
826,2020-05-05T04:40:10Z,2020-05-05T06:37:15Z,117.08333333333333
827,2020-05-06T02:55:25Z,2020-05-06T03:11:44Z,16.316666666666666
828,2020-05-06T04:30:56Z,2020-05-06T04:36:32Z,5.6
829,2020-05-07T04:33:26Z,2020-05-07T05:22:47Z,49.35
830,2020-05-08T03:05:46Z,2020-05-08T06:22:58Z,197.2
831,2020-05-09T02:36:18Z,2020-05-09T04:34:01Z,117.71666666666667
832,2020-05-10T01:22:23Z,2020-05-10T04:26:39Z,184.26666666666668
833,2020-05-10T04:30:31Z,2020-05-10T05:31:13Z,60.7
834,2020-05-11T01:20:13Z,2020-05-11T04:53:05Z,212.86666666666667
835,2020-05-11T23:41:24Z,2020-05-11T23:59:16Z,17.866666666666667
836,2020-05-12T02:29:36Z,2020-05-12T02:57:15Z,27.65
837,2020-05-12T17:23:48Z,2020-05-13T01:29:25Z,485.6166666666667
838,2020-05-13T03:45:19Z,2020-05-13T04:17:01Z,31.7
839,2020-05-13T19:48:53Z,2020-05-13T21:46:40Z,117.78333333333333
840,2020-05-14T01:39:18Z,2020-05-14T02:52:05Z,72.78333333333333
841,2020-05-14T04:24:30Z,2020-05-14T04:33:57Z,9.45
842,2020-05-15T02:33:55Z,2020-05-15T03:09:01Z,35.1
843,2020-05-15T04:05:26Z,2020-05-15T04:12:58Z,7.533333333333333
844,2020-05-16T00:59:52Z,2020-05-16T01:12:33Z,12.683333333333334
845,2020-05-16T03:40:58Z,2020-05-16T04:35:14Z,54.266666666666666
846,2020-05-17T00:10:45Z,2020-05-17T01:29:14Z,78.48333333333333
847,2020-05-17T03:42:16Z,2020-05-17T04:25:23Z,43.11666666666667
848,2020-05-18T03:55:03Z,2020-05-18T05:17:31Z,82.46666666666667
849,2020-05-18T21:43:19Z,2020-05-18T23:10:30Z,87.18333333333334
850,2020-05-19T02:03:34Z,2020-05-19T04:50:56Z,167.36666666666667
851,2020-05-20T01:55:01Z,2020-05-20T03:49:18Z,114.28333333333333
852,2020-05-20T03:55:07Z,2020-05-20T04:08:47Z,13.666666666666666
853,2020-05-20T23:21:56Z,2020-05-21T03:14:06Z,232.16666666666666
854,2020-05-21T03:18:41Z,2020-05-21T04:32:45Z,74.06666666666666
855,2020-05-21T23:28:22Z,2020-05-22T02:31:22Z,183
856,2020-05-22T03:46:53Z,2020-05-22T04:45:01Z,58.13333333333333
857,2020-05-24T01:20:05Z,2020-05-24T02:14:49Z,54.733333333333334
858,2020-05-24T03:44:03Z,2020-05-24T04:16:08Z,32.083333333333336
859,2020-05-24T13:39:47Z,2020-05-24T21:39:00Z,479.21666666666664
860,2020-05-25T02:59:47Z,2020-05-25T04:33:00Z,93.21666666666667
861,2020-05-25T17:42:53Z,2020-05-25T21:14:39Z,211.76666666666668
862,2020-05-25T21:23:01Z,2020-05-25T22:24:32Z,61.516666666666666
863,2020-05-26T01:23:22Z,2020-05-26T04:16:08Z,172.76666666666668
864,2020-05-26T17:22:44Z,2020-05-26T18:39:34Z,76.83333333333333
865,2020-05-27T02:37:46Z,2020-05-27T04:12:00Z,94.23333333333333
866,2020-05-27T04:26:20Z,2020-05-27T04:36:56Z,10.6
867,2020-05-27T23:31:23Z,2020-05-28T01:20:11Z,108.8
868,2020-05-28T01:27:06Z,2020-05-28T04:16:33Z,169.45
869,2020-05-28T13:41:34Z,2020-05-28T17:31:31Z,229.95
870,2020-05-29T02:43:23Z,2020-05-29T04:35:06Z,111.71666666666667
871,2020-05-30T02:34:41Z,2020-05-30T04:05:33Z,90.86666666666666
872,2020-05-30T16:32:46Z,2020-05-30T17:41:28Z,68.7
873,2020-06-02T02:46:15Z,2020-06-02T04:54:27Z,128.2
874,2020-06-02T07:20:44Z,2020-06-03T04:07:43Z,1246.9833333333333
875,2020-06-04T00:57:26Z,2020-06-04T02:44:59Z,107.55
876,2020-06-04T03:32:12Z,2020-06-04T21:09:17Z,1057.0833333333333
877,2020-06-05T01:27:04Z,2020-06-05T01:52:01Z,24.95
878,2020-06-05T03:46:25Z,2020-06-05T04:26:19Z,39.9
879,2020-06-06T01:37:55Z,2020-06-06T03:13:23Z,95.46666666666667
880,2020-06-07T02:33:25Z,2020-06-07T04:21:40Z,108.25
881,2020-06-08T03:19:57Z,2020-06-08T03:31:20Z,11.383333333333333
882,2020-06-08T04:28:20Z,2020-06-08T04:33:38Z,5.3
883,2020-06-09T02:49:37Z,2020-06-09T04:23:15Z,93.63333333333334
884,2020-06-09T18:56:28Z,2020-06-09T21:16:51Z,140.38333333333333
885,2020-06-09T21:20:57Z,2020-06-09T22:35:21Z,74.4
886,2020-06-10T02:34:20Z,2020-06-10T03:22:53Z,48.55
887,2020-06-10T04:15:27Z,2020-06-10T04:31:55Z,16.466666666666665
888,2020-06-11T02:44:16Z,2020-06-11T04:15:24Z,91.13333333333334
889,2020-06-12T00:11:42Z,2020-06-12T02:05:52Z,114.16666666666667
890,2020-06-12T02:36:09Z,2020-06-12T04:07:37Z,91.46666666666667
891,2020-06-13T23:16:07Z,2020-06-14T03:46:56Z,270.81666666666666
892,2020-06-14T03:55:45Z,2020-06-14T04:15:45Z,20
893,2020-06-14T18:51:09Z,2020-06-14T21:38:47Z,167.63333333333333
894,2020-06-14T21:44:48Z,2020-06-15T00:46:12Z,181.4
895,2020-06-15T03:15:07Z,2020-06-15T04:27:13Z,72.1
896,2020-06-16T01:07:42Z,2020-06-16T03:29:49Z,142.11666666666667
897,2020-06-16T04:17:15Z,2020-06-16T04:24:55Z,7.666666666666667
898,2020-06-17T00:24:36Z,2020-06-17T03:07:46Z,163.16666666666666
899,2020-06-17T03:13:48Z,2020-06-17T04:00:40Z,46.86666666666667
900,2020-06-17T23:28:32Z,2020-06-18T00:02:30Z,33.96666666666667
901,2020-06-18T03:14:24Z,2020-06-18T03:23:52Z,9.466666666666667
902,2020-06-18T04:26:29Z,2020-06-18T04:53:36Z,27.116666666666667
903,2020-06-19T00:58:25Z,2020-06-19T03:25:20Z,146.91666666666666
904,2020-06-19T03:46:40Z,2020-06-19T04:00:24Z,13.733333333333333
905,2020-06-19T22:11:27Z,2020-06-20T00:26:46Z,135.31666666666666
906,2020-06-20T02:55:51Z,2020-06-20T05:08:29Z,132.63333333333333
907,2020-06-21T01:49:24Z,2020-06-21T05:46:26Z,237.03333333333333
908,2020-06-23T03:50:56Z,2020-06-23T05:58:06Z,127.16666666666667
909,2020-06-24T01:34:19Z,2020-06-24T04:58:13Z,203.9
910,2020-06-25T00:56:32Z,2020-06-25T04:06:27Z,189.91666666666666
911,2020-06-27T03:53:44Z,2020-06-27T05:18:05Z,84.35
912,2020-06-27T13:55:21Z,2020-06-28T01:54:53Z,719.5333333333333
913,2020-06-28T02:00:18Z,2020-06-28T04:09:49Z,129.51666666666668
914,2020-06-28T04:15:02Z,2020-06-28T05:23:45Z,68.71666666666667
915,2020-06-28T23:24:35Z,2020-06-29T00:57:26Z,92.85
916,2020-06-29T01:58:50Z,2020-06-29T04:26:16Z,147.43333333333334
917,2020-06-30T01:51:59Z,2020-06-30T03:59:25Z,127.43333333333334
918,2020-06-30T22:52:42Z,2020-07-01T05:09:13Z,376.51666666666665
919,2020-07-02T03:55:34Z,2020-07-02T05:12:35Z,77.01666666666667
920,2020-07-03T02:44:44Z,2020-07-03T04:14:17Z,89.55
921,2020-07-04T01:21:02Z,2020-07-04T03:52:25Z,151.38333333333333
922,2020-07-06T03:45:28Z,2020-07-06T04:38:29Z,53.016666666666666
923,2020-07-06T20:58:11Z,2020-07-06T22:51:07Z,112.93333333333334
924,2020-07-07T02:22:37Z,2020-07-07T03:37:37Z,75
925,2020-07-07T04:26:58Z,2020-07-07T04:34:01Z,7.05
926,2020-07-07T22:52:11Z,2020-07-08T00:53:13Z,121.03333333333333
927,2020-07-08T00:56:33Z,2020-07-08T01:17:19Z,20.766666666666666
928,2020-07-08T01:22:03Z,2020-07-08T04:07:04Z,165.01666666666668
929,2020-07-09T02:15:36Z,2020-07-09T04:17:35Z,121.98333333333333
930,2020-07-09T07:51:05Z,2020-07-10T04:20:59Z,1229.9
931,2020-07-11T00:49:43Z,2020-07-11T04:07:40Z,197.95
932,2020-07-12T03:16:29Z,2020-07-12T03:35:29Z,19
933,2020-07-12T04:32:29Z,2020-07-12T04:37:56Z,5.45
934,2020-07-12T23:43:48Z,2020-07-13T04:21:34Z,277.76666666666665
935,2020-07-14T02:15:12Z,2020-07-14T03:43:17Z,88.08333333333333
936,2020-07-14T04:32:27Z,2020-07-14T04:38:47Z,6.333333333333333
937,2020-07-15T00:24:37Z,2020-07-15T04:21:28Z,236.85
938,2020-07-16T03:07:09Z,2020-07-16T04:20:14Z,73.08333333333333
939,2020-07-16T22:28:39Z,2020-07-16T23:30:10Z,61.516666666666666
940,2020-07-17T03:29:11Z,2020-07-17T04:10:03Z,40.86666666666667
941,2020-07-17T17:46:25Z,2020-07-17T22:37:39Z,291.23333333333335
942,2020-07-17T22:43:59Z,2020-07-18T01:15:10Z,151.18333333333334
943,2020-07-18T03:24:20Z,2020-07-18T04:37:09Z,72.81666666666666
944,2020-07-19T22:21:41Z,2020-07-20T03:55:07Z,333.43333333333334
945,2020-07-20T04:38:44Z,2020-07-20T04:48:01Z,9.283333333333333
946,2020-07-22T00:40:56Z,2020-07-22T01:32:25Z,51.483333333333334
947,2020-07-22T02:47:49Z,2020-07-22T04:20:25Z,92.6
948,2020-07-23T00:08:19Z,2020-07-23T04:39:32Z,271.21666666666664
949,2020-07-25T01:31:14Z,2020-07-25T04:30:07Z,178.88333333333333
950,2020-07-26T03:34:01Z,2020-07-26T04:23:23Z,49.36666666666667
951,2020-07-27T00:44:26Z,2020-07-27T02:32:49Z,108.38333333333334
952,2020-07-27T03:54:20Z,2020-07-27T04:23:24Z,29.066666666666666
953,2020-07-29T01:41:39Z,2020-07-29T04:23:36Z,161.95
954,2020-07-29T04:44:04Z,2020-07-29T04:50:13Z,6.15
955,2020-07-29T07:29:09Z,2020-07-30T04:23:11Z,1254.0333333333333
956,2020-07-30T04:25:34Z,2020-07-30T05:40:02Z,74.46666666666667
957,2020-08-03T04:39:27Z,2020-08-03T22:26:04Z,1066.6166666666666
958,2020-08-03T22:30:25Z,2020-08-03T23:49:59Z,79.56666666666666
959,2020-08-03T23:58:36Z,2020-08-04T01:53:10Z,114.56666666666666
960,2020-08-04T01:57:48Z,2020-08-04T04:21:42Z,143.9
961,2020-08-04T16:04:53Z,2020-08-05T00:07:58Z,483.0833333333333
962,2020-08-05T03:23:53Z,2020-08-05T03:55:40Z,31.783333333333335
963,2020-08-06T01:57:20Z,2020-08-06T04:49:02Z,171.7
964,2020-08-07T03:41:44Z,2020-08-07T04:55:38Z,73.9
965,2020-08-07T19:41:18Z,2020-08-08T01:53:24Z,372.1
966,2020-08-08T01:58:37Z,2020-08-08T04:44:15Z,165.63333333333333
967,2020-08-09T02:31:33Z,2020-08-09T05:55:47Z,204.23333333333332
968,2020-08-10T01:41:41Z,2020-08-10T06:36:52Z,295.18333333333334
969,2020-08-11T02:48:16Z,2020-08-11T05:01:35Z,133.31666666666666
970,2020-08-12T19:25:26Z,2020-08-13T05:04:15Z,578.8166666666667
971,2020-08-13T19:06:42Z,2020-08-14T06:22:52Z,676.1666666666666
972,2020-08-15T02:36:34Z,2020-08-15T04:38:59Z,122.41666666666667
973,2020-08-16T04:10:38Z,2020-08-16T05:29:16Z,78.63333333333334
974,2020-08-16T06:27:44Z,2020-08-16T07:02:59Z,35.25
975,2020-08-18T02:29:46Z,2020-08-18T04:39:43Z,129.95
976,2020-08-21T00:38:35Z,2020-08-21T03:22:29Z,163.9
977,2020-08-21T03:27:22Z,2020-08-21T05:12:58Z,105.6
978,2020-08-22T04:29:38Z,2020-08-22T05:21:06Z,51.46666666666667
979,2020-08-25T01:19:22Z,2020-08-25T02:40:59Z,81.61666666666666
980,2020-08-25T02:53:30Z,2020-08-25T05:23:31Z,150.01666666666668
981,2020-08-25T21:50:14Z,2020-08-25T23:17:55Z,87.68333333333334
982,2020-08-25T23:30:44Z,2020-08-26T05:10:52Z,340.1333333333333
983,2020-08-27T01:57:23Z,2020-08-27T04:31:28Z,154.08333333333334
984,2020-08-27T04:45:39Z,2020-08-27T06:03:11Z,77.53333333333333
985,2020-08-27T21:56:14Z,2020-08-28T04:38:49Z,402.5833333333333
986,2020-08-28T05:30:35Z,2020-08-28T05:31:29Z,0.9
987,2020-08-28T19:55:24Z,2020-08-28T21:48:22Z,112.96666666666667
988,2020-08-29T01:44:56Z,2020-08-29T03:27:24Z,102.46666666666667
989,2020-08-29T03:34:15Z,2020-08-29T05:06:53Z,92.63333333333334
990,2020-08-29T21:26:53Z,2020-08-30T02:10:40Z,283.78333333333336
991,2020-08-30T02:15:53Z,2020-08-30T06:02:20Z,226.45
992,2020-08-30T16:26:46Z,2020-08-30T17:00:34Z,33.8
993,2020-08-30T23:04:25Z,2020-08-30T23:29:52Z,25.45
994,2020-08-31T04:07:17Z,2020-08-31T04:55:05Z,47.8
995,2020-08-31T15:16:46Z,2020-08-31T21:20:49Z,364.05
996,2020-09-01T01:20:27Z,2020-09-01T05:09:34Z,229.11666666666667
997,2020-09-01T05:16:03Z,2020-09-01T05:34:43Z,18.666666666666668
998,2020-09-02T01:45:55Z,2020-09-02T03:58:53Z,132.96666666666667
999,2020-09-02T04:04:21Z,2020-09-02T05:32:26Z,88.08333333333333
1000,2020-09-03T01:42:22Z,2020-09-03T03:52:01Z,129.65
1001,2020-09-03T03:58:24Z,2020-09-03T05:20:14Z,81.83333333333333
1002,2020-09-03T20:17:38Z,2020-09-04T05:27:38Z,550
1003,2020-09-05T01:25:28Z,2020-09-05T05:12:32Z,227.06666666666666
1004,2020-09-05T22:09:11Z,2020-09-06T05:38:25Z,449.23333333333335
1005,2020-09-07T04:01:10Z,2020-09-07T04:08:29Z,7.316666666666666
1006,2020-09-07T04:58:46Z,2020-09-07T05:30:47Z,32.016666666666666
1007,2020-09-08T03:18:56Z,2020-09-08T03:52:50Z,33.9
1008,2020-09-08T05:19:19Z,2020-09-08T05:39:57Z,20.633333333333333
1009,2020-09-10T01:55:18Z,2020-09-10T05:40:28Z,225.16666666666666
1010,2020-09-10T20:15:24Z,2020-09-11T05:34:28Z,559.0666666666667
1011,2020-09-11T19:42:25Z,2020-09-12T03:06:16Z,443.85
1012,2020-09-12T03:10:32Z,2020-09-12T05:20:43Z,130.18333333333334
1013,2020-09-12T05:26:09Z,2020-09-12T06:02:05Z,35.93333333333333
1014,2020-09-13T02:33:06Z,2020-09-13T04:10:32Z,97.43333333333334
1015,2020-09-13T05:18:30Z,2020-09-13T05:44:06Z,25.6
1016,2020-09-14T05:12:00Z,2020-09-14T05:23:28Z,11.466666666666667
1017,2020-09-16T02:41:26Z,2020-09-16T05:54:49Z,193.38333333333333
1018,2020-09-17T05:57:50Z,2020-09-17T07:10:46Z,72.93333333333334
1019,2020-09-18T05:35:25Z,2020-09-18T05:44:29Z,9.066666666666666
1020,2020-09-19T01:44:49Z,2020-09-19T02:56:43Z,71.9
1021,2020-09-19T04:54:10Z,2020-09-19T05:33:28Z,39.3
1022,2020-09-19T19:00:35Z,2020-09-19T22:33:48Z,213.21666666666667
1023,2020-09-20T01:24:43Z,2020-09-20T04:55:55Z,211.2
1024,2020-09-21T01:39:44Z,2020-09-21T05:19:11Z,219.45
1025,2020-09-21T22:35:55Z,2020-09-22T05:31:15Z,415.3333333333333
1026,2020-09-24T01:33:31Z,2020-09-24T04:50:49Z,197.3
1027,2020-09-25T00:52:42Z,2020-09-25T01:41:46Z,49.06666666666667
1028,2020-09-25T13:21:41Z,2020-09-25T13:49:31Z,27.833333333333332
1029,2020-09-25T20:46:07Z,2020-09-25T20:58:30Z,12.383333333333333
1030,2020-09-26T01:34:35Z,2020-09-26T01:52:14Z,17.65
1031,2020-09-26T07:41:52Z,2020-09-26T07:54:50Z,12.966666666666667
1032,2020-09-27T02:17:41Z,2020-09-27T02:29:11Z,11.5
1033,2020-09-27T18:47:37Z,2020-09-27T18:59:45Z,12.133333333333333
1034,2020-09-28T01:07:36Z,2020-09-28T01:21:55Z,14.316666666666666
1035,2020-09-28T05:11:05Z,2020-09-28T05:24:36Z,13.516666666666667
1036,2020-09-29T00:31:21Z,2020-09-29T01:09:06Z,37.75
1037,2020-09-29T04:22:46Z,2020-09-29T04:57:30Z,34.733333333333334
1038,2020-09-30T04:02:24Z,2020-09-30T04:47:38Z,45.233333333333334
1039,2020-10-01T01:47:24Z,2020-10-01T02:13:32Z,26.133333333333333
1040,2020-10-01T05:34:09Z,2020-10-01T06:16:39Z,42.5
1041,2020-10-02T04:16:16Z,2020-10-02T04:32:15Z,15.983333333333333
1042,2020-10-03T04:29:43Z,2020-10-03T05:17:04Z,47.35
1043,2020-10-03T12:00:35Z,2020-10-04T05:59:44Z,1079.15
1044,2020-10-05T01:50:24Z,2020-10-05T02:48:30Z,58.1
1045,2020-10-05T05:25:57Z,2020-10-05T05:43:32Z,17.583333333333332
1046,2020-10-06T00:19:50Z,2020-10-06T00:38:47Z,18.95
1047,2020-10-06T05:42:41Z,2020-10-06T06:02:08Z,19.45
1048,2020-10-07T04:18:59Z,2020-10-07T04:26:52Z,7.883333333333333
1049,2020-10-08T01:53:15Z,2020-10-08T02:46:05Z,52.833333333333336
1050,2020-10-09T03:00:04Z,2020-10-09T04:40:47Z,100.71666666666667
1051,2020-10-09T18:33:39Z,2020-10-09T21:45:43Z,192.06666666666666
1052,2020-10-10T02:14:31Z,2020-10-10T03:34:20Z,79.81666666666666
1053,2020-10-11T05:45:28Z,2020-10-11T06:05:26Z,19.966666666666665
1054,2020-10-12T04:02:37Z,2020-10-12T04:51:49Z,49.2
1055,2020-10-13T02:04:32Z,2020-10-13T02:48:06Z,43.56666666666667
1056,2020-10-13T18:57:44Z,2020-10-13T23:37:21Z,279.6166666666667
1057,2020-10-14T14:41:18Z,2020-10-14T15:14:25Z,33.11666666666667
1058,2020-10-15T04:08:26Z,2020-10-15T04:19:12Z,10.766666666666667
1059,2020-10-16T05:10:23Z,2020-10-16T05:28:02Z,17.65
1060,2020-10-17T02:26:05Z,2020-10-17T03:02:48Z,36.71666666666667
1061,2020-10-17T06:11:36Z,2020-10-17T06:28:44Z,17.133333333333333
1062,2020-10-19T04:09:39Z,2020-10-19T16:36:50Z,747.1833333333333
1063,2020-10-20T05:43:18Z,2020-10-20T20:39:26Z,896.1333333333333
1064,2020-10-21T11:26:30Z,2020-10-21T19:02:49Z,456.31666666666666
1065,2020-10-22T00:26:01Z,2020-10-22T03:06:33Z,160.53333333333333
1066,2020-10-22T05:06:12Z,2020-10-22T23:35:06Z,1108.9
1067,2020-10-23T04:17:45Z,2020-10-23T04:49:39Z,31.9
1068,2020-10-24T04:15:44Z,2020-10-24T04:48:25Z,32.68333333333333
1069,2020-10-25T04:22:44Z,2020-10-25T04:31:17Z,8.55
1070,2020-10-25T05:33:22Z,2020-10-25T05:42:12Z,8.833333333333334
1071,2020-10-25T06:20:22Z,2020-10-25T06:28:19Z,7.95
1072,2020-10-26T04:09:14Z,2020-10-26T04:12:29Z,3.25
1073,2020-10-26T07:57:32Z,2020-10-26T13:22:31Z,324.98333333333335
1074,2020-10-27T04:21:50Z,2020-10-27T04:39:09Z,17.316666666666666
1075,2020-10-28T03:45:23Z,2020-10-28T04:12:04Z,26.683333333333334
1076,2020-10-28T05:44:33Z,2020-10-28T05:54:10Z,9.616666666666667
1077,2020-10-28T08:02:23Z,2020-10-29T00:46:12Z,1003.8166666666667
1078,2020-10-29T04:42:20Z,2020-10-29T05:19:23Z,37.05
1079,2020-10-30T04:22:56Z,2020-10-30T04:56:24Z,33.46666666666667
1080,2020-10-31T05:06:29Z,2020-10-31T05:56:23Z,49.9
1081,2020-10-31T15:00:52Z,2020-10-31T15:33:40Z,32.8
1082,2020-11-01T05:35:13Z,2020-11-01T06:20:17Z,45.06666666666667
1083,2020-11-01T08:19:00Z,2020-11-02T00:42:23Z,983.3833333333333
1084,2020-11-02T04:17:07Z,2020-11-02T04:53:18Z,36.18333333333333
1085,2020-11-03T04:49:56Z,2020-11-03T04:57:22Z,7.433333333333334
1086,2020-11-03T06:32:12Z,2020-11-03T21:54:06Z,921.9
1087,2020-11-04T04:34:57Z,2020-11-04T05:06:51Z,31.9
1088,2020-11-06T04:44:05Z,2020-11-06T04:58:43Z,14.633333333333333
1089,2020-11-07T08:15:28Z,2020-11-07T23:33:20Z,917.8666666666667
1090,2020-11-09T04:33:19Z,2020-11-09T05:24:01Z,50.7
1091,2020-11-11T05:20:20Z,2020-11-11T05:42:05Z,21.75
1092,2020-11-11T12:48:19Z,2020-11-11T21:26:40Z,518.35
1093,2020-11-12T05:15:54Z,2020-11-12T05:41:33Z,25.65
1094,2020-11-13T05:38:26Z,2020-11-13T06:10:24Z,31.966666666666665
1095,2020-11-14T04:59:08Z,2020-11-14T06:38:13Z,99.08333333333333
1096,2020-11-14T15:30:26Z,2020-11-14T21:05:02Z,334.6
1097,2020-11-15T04:24:32Z,2020-11-15T05:08:16Z,43.733333333333334
1098,2020-11-16T05:36:15Z,2020-11-16T05:47:14Z,10.983333333333333
1099,2020-11-17T04:20:56Z,2020-11-17T04:39:07Z,18.183333333333334
1100,2020-11-18T06:11:25Z,2020-11-18T06:15:44Z,4.316666666666666
1101,2020-11-19T08:42:19Z,2020-11-19T11:12:37Z,150.3
1102,2020-11-19T11:47:12Z,2020-11-19T23:04:04Z,676.8666666666667
1103,2020-11-20T05:52:07Z,2020-11-20T06:25:54Z,33.78333333333333
1104,2020-11-21T10:18:49Z,2020-11-22T04:38:40Z,1099.85
1105,2020-11-23T05:38:27Z,2020-11-23T05:58:41Z,20.233333333333334
1106,2020-11-23T13:12:26Z,2020-11-23T20:56:54Z,464.46666666666664
1107,2020-11-23T23:10:11Z,2020-11-24T00:17:41Z,67.5
1108,2020-11-24T08:28:02Z,2020-11-24T10:12:48Z,104.76666666666667
1109,2020-11-24T12:36:55Z,2020-11-25T02:41:37Z,844.7
1110,2020-11-25T08:44:12Z,2020-11-25T23:31:31Z,887.3166666666667
1111,2020-11-26T06:04:30Z,2020-11-26T06:19:18Z,14.8
1112,2020-11-26T08:48:11Z,2020-11-27T00:37:12Z,949.0166666666667
1113,2020-11-27T07:13:35Z,2020-11-28T00:22:53Z,1029.3
1114,2020-11-28T03:52:02Z,2020-11-28T04:08:25Z,16.383333333333333
1115,2020-11-28T07:54:45Z,2020-11-28T20:22:19Z,747.5666666666667
1116,2020-11-29T04:22:43Z,2020-11-29T04:48:28Z,25.75
1117,2020-11-29T08:21:56Z,2020-11-29T23:36:36Z,914.6666666666666
1118,2020-11-30T07:58:42Z,2020-11-30T21:07:33Z,788.85
1119,2020-12-01T00:25:33Z,2020-12-01T00:26:15Z,0.7
1120,2020-12-01T06:42:54Z,2020-12-01T07:03:35Z,20.683333333333334
1121,2020-12-01T13:34:41Z,2020-12-01T17:09:12Z,214.51666666666668
1122,2020-12-01T19:35:44Z,2020-12-01T20:50:14Z,74.5
1123,2020-12-02T06:48:36Z,2020-12-02T21:29:12Z,880.6
1124,2020-12-03T01:10:38Z,2020-12-03T01:35:40Z,25.033333333333335
1125,2020-12-03T04:59:16Z,2020-12-03T05:23:02Z,23.766666666666666
1126,2020-12-03T18:43:45Z,2020-12-03T19:08:24Z,24.65
1127,2020-12-04T05:34:57Z,2020-12-04T05:42:49Z,7.866666666666667
1128,2020-12-04T14:27:12Z,2020-12-04T20:55:03Z,387.85
1129,2020-12-05T21:15:21Z,2020-12-05T22:17:31Z,62.166666666666664
1130,2020-12-06T05:05:51Z,2020-12-06T05:31:55Z,26.066666666666666
1131,2020-12-06T15:21:40Z,2020-12-07T03:11:13Z,709.55
1132,2020-12-07T08:29:23Z,2020-12-07T14:12:47Z,343.4
1133,2020-12-08T14:23:50Z,2020-12-08T21:36:30Z,432.6666666666667
1134,2020-12-09T05:55:28Z,2020-12-09T06:18:18Z,22.833333333333332
1135,2020-12-09T18:07:27Z,2020-12-09T23:31:13Z,323.76666666666665
1136,2020-12-10T03:02:53Z,2020-12-10T03:15:42Z,12.816666666666666
1137,2020-12-11T03:07:07Z,2020-12-11T03:33:18Z,26.183333333333334
1138,2020-12-11T08:22:25Z,2020-12-11T21:46:08Z,803.7166666666667
1139,2020-12-12T05:08:22Z,2020-12-12T06:48:31Z,100.15
1140,2020-12-12T19:32:35Z,2020-12-12T22:44:08Z,191.55
1141,2020-12-13T04:37:35Z,2020-12-13T05:03:10Z,25.583333333333332
1142,2020-12-13T08:02:32Z,2020-12-14T01:09:49Z,1027.2833333333333
1143,2020-12-14T07:48:04Z,2020-12-14T20:41:24Z,773.3333333333334
1144,2020-12-15T05:48:21Z,2020-12-15T06:39:17Z,50.93333333333333
1145,2020-12-15T08:10:38Z,2020-12-15T23:50:34Z,939.9333333333333
1146,2020-12-16T09:42:27Z,2020-12-16T21:45:15Z,722.8
1147,2020-12-18T07:35:29Z,2020-12-18T22:02:43Z,867.2333333333333
1148,2020-12-19T09:08:00Z,2020-12-19T15:49:51Z,401.85
1149,2020-12-20T11:49:13Z,2020-12-21T01:24:55Z,815.7
1150,2020-12-21T20:37:47Z,2020-12-21T22:04:02Z,86.25
1151,2020-12-22T00:11:39Z,2020-12-22T01:09:18Z,57.65
1152,2020-12-22T05:25:50Z,2020-12-22T06:32:52Z,67.03333333333333
1153,2020-12-24T06:10:29Z,2020-12-24T06:25:47Z,15.3
1154,2020-12-26T06:24:05Z,2020-12-26T07:13:08Z,49.05
1155,2020-12-26T15:15:05Z,2020-12-26T15:58:30Z,43.416666666666664
1156,2020-12-27T00:45:23Z,2020-12-27T01:05:11Z,19.8
1157,2020-12-27T08:46:58Z,2020-12-27T19:47:42Z,660.7333333333333
1158,2020-12-27T20:55:01Z,2020-12-27T21:40:25Z,45.4
1159,2020-12-28T03:48:34Z,2020-12-28T04:15:54Z,27.333333333333332
1160,2020-12-29T05:00:17Z,2020-12-29T05:18:13Z,17.933333333333334
1161,2020-12-30T05:17:17Z,2020-12-30T05:37:35Z,20.3
1162,2020-12-31T06:44:50Z,2020-12-31T07:00:23Z,15.55
1163,2021-01-01T00:37:46Z,2021-01-01T05:04:43Z,266.95
1164,2021-01-01T07:04:26Z,2021-01-01T13:51:35Z,407.15
1165,2021-01-01T19:40:47Z,2021-01-01T20:43:37Z,62.833333333333336
1166,2021-01-02T07:41:37Z,2021-01-02T07:54:56Z,13.316666666666666
1167,2021-01-02T19:41:57Z,2021-01-02T20:06:39Z,24.7
1168,2021-01-03T00:59:27Z,2021-01-03T01:31:22Z,31.916666666666668
1169,2021-01-03T07:19:22Z,2021-01-03T07:19:56Z,0.5666666666666667
1170,2021-01-03T14:34:55Z,2021-01-03T14:51:49Z,16.9
